time,t0,dt0,month,lon,lat,inversion_strength,inversion_height,low_level_stability,t_850hpa,rh_sub_850,surf_wind_velocity,wind_shear,dt_,temp_2m,down_long_hemisp,up_long_hemisp,lat_tower,lon_tower,rlns
2019-10-31 22:55:09.757000+00:00,-24.48323,2019-10-31 22:55:09.757000+00:00,10,123.10980816436916,85.79471716557339,7.7193146,677.76874,3.039383,-21.432983,0.17224872,3.089488,3.7997947,2019-10-31 22:55:09.757,-24.06967091666667,188.61903166405995,216.36311509270985,85.79469082361112,123.03327930199998,-27.7440834286499
2019-11-01 04:56:50.315000+00:00,-18.683792,2019-11-01 04:56:50.315000+00:00,11,122.96902408617547,85.80840026613836,3.8615875,414.93872,-4.9544983,-23.888641,0.16184264,1.8469436,3.2942026,2019-11-01 04:56:50.315,-18.98070705,229.99843306457515,238.340022991333,85.80820195222222,122.89434815,-8.341589926757848
2019-11-01 16:51:40.040000+00:00,-18.477798,2019-11-01 16:51:40.040000+00:00,11,122.77198511309635,85.83125637162246,1.8331451,539.5403,-6.124939,-24.602737,0.18425897,5.2018776,-2.693986,2019-11-01 16:51:40.040,-18.820800716666664,228.19607122178394,239.12069738053643,85.83099551083333,122.70010949166667,-10.924626158752488
2019-11-01 22:53:41.759000+00:00,-18.432388,2019-11-01 22:53:41.759000+00:00,11,122.68344894872027,85.83808094602503,0.89271545,519.6926,-6.787262,-25.21965,0.20571484,1.4184543,4.227781,2019-11-01 22:53:41.759,-18.781017233333333,226.1923222872162,239.25585409690856,85.83776353083333,122.61124119000002,-13.063531809692364
2019-11-02 04:55:30.108000+00:00,-19.437454,2019-11-02 04:55:30.108000+00:00,11,122.59866823154827,85.84877787966315,0.6433258,6.0154457,-3.6569672,-23.294617,0.17705315,1.4769948,3.1975253,2019-11-02 04:55:30.108,-20.1873394,211.4980459582011,232.46379440180462,85.84862324583334,122.52439998194443,-20.96574844360353
2019-11-02 10:54:19.479000+00:00,-24.430397,2019-11-02 10:54:19.479000+00:00,11,122.45747495074288,85.85582132418087,5.361412,615.3215,3.4651947,-21.07611,0.1862778,4.1244593,-0.028774261,2019-11-02 10:54:19.479,-24.841104633333334,155.7129830984497,208.5911136721802,85.85543669722222,122.3850926563889,-52.87813057373049
2019-11-02 22:54:22.874000+00:00,-20.97667,2019-11-02 22:54:22.874000+00:00,11,122.05709895276152,85.87765877543421,3.3077087,626.84906,1.3643951,-19.612274,0.15260206,3.4698918,3.133454,2019-11-02 22:54:22.874,-20.933705183333334,225.01811787253064,232.13337922781625,85.87731027833333,121.98429916527778,-7.115261355285611
2019-11-03 17:04:07.168000+00:00,-17.237793,2019-11-03 17:04:07.168000+00:00,11,120.92428974131026,85.91708972053644,0.0,-7.0180407,-4.4157104,-21.653503,0.13179702,7.310021,5.4825416,2019-11-03 17:04:07.168,-18.433554199999996,231.93254823505399,239.92108786121366,85.91672743083333,120.8510570075,-7.988539626159678
2019-11-04 05:00:24.477000+00:00,-17.29509,2019-11-04 05:00:24.477000+00:00,11,120.18896645898025,85.94030887272407,2.3107147,280.00732,-1.3854218,-18.680511,0.23587732,6.2850037,-0.031693935,2019-11-04 05:00:24.477,-17.34698153333333,185.561029613177,238.26772677961986,85.93985316444443,120.1116296496111,-52.706697166442865
2019-11-04 22:54:52.268000+00:00,-24.107605,2019-11-04 22:54:52.268000+00:00,11,119.13370931150008,85.95317759958174,5.8444977,1229.8245,5.235504,-18.8721,0.25554192,6.677275,-6.553482,2019-11-04 22:54:52.268,-25.453984916666663,165.35749037175495,208.86712029485065,85.9525671188889,119.05960912516666,-43.5096299230957
2019-11-05 04:53:00.865000+00:00,-20.10794,2019-11-05 04:53:00.865000+00:00,11,118.83283775236117,85.95081792001608,1.8720398,611.7136,0.09983826,-20.008102,0.20178019,7.003102,-0.3875308,2019-11-05 04:53:00.865,-20.363882799999995,164.03082361502328,226.32233502646127,85.95013141194445,118.75785105194443,-62.291511411437995
2019-11-06 04:58:30.903000+00:00,-26.97351,2019-11-06 04:58:30.903000+00:00,11,117.7468510607146,85.92029658348291,7.454315,333.63992,4.4774933,-22.496017,0.15085195,3.1289876,0.33354783,2019-11-06 04:58:30.903,-27.725676816666663,148.15043900375363,200.69050113143922,85.91957156333335,117.66950929499998,-52.54006212768559
2019-11-06 10:58:39.309000+00:00,-23.408875,2019-11-06 10:58:39.309000+00:00,11,117.48618914909575,85.91709533045128,3.1639404,368.42548,1.3233643,-22.08551,0.1565145,6.0338054,-1.1796064,2019-11-06 10:58:39.309,-24.002951516666666,151.8709543252055,209.62254307154336,85.91644004916667,117.40924974499998,-57.75158874633786
2019-11-06 22:53:55.191000+00:00,-19.317009,2019-11-06 22:53:55.191000+00:00,11,117.04050476132757,85.9186771984303,0.049705505,6.015451,-3.176651,-22.443954,0.17460541,5.6954823,-2.9328067,2019-11-06 22:53:55.191,-19.434973333333332,207.1877498232015,233.4505014003499,85.9179582025,116.96746424027779,-26.262751577148407
2019-11-07 04:58:18.995000+00:00,-21.747833,2019-11-07 04:58:18.995000+00:00,11,116.85410406645529,85.92108317935126,1.4311371,62.56014,-0.6613922,-22.409225,0.21470031,5.8346233,-2.9570277,2019-11-07 04:58:18.995,-22.66491561666667,156.77835930442808,215.0265702571869,85.92037287166667,116.77830080222222,-58.248210952758825
2019-11-07 10:59:54.588000+00:00,-22.143646,2019-11-07 10:59:54.588000+00:00,11,116.65296437468425,85.91836097834869,0.14328003,5.514164,-0.5611725,-22.848099,0.17897409,4.1488686,-0.7118552,2019-11-07 10:59:54.588,-22.568322199999997,194.2524153616079,221.24883567349752,85.91761649444443,116.57789859111112,-26.996420311889636
2019-11-07 22:55:35.697000+00:00,-27.40033,2019-11-07 22:55:35.697000+00:00,11,116.35588926538729,85.91310107563189,5.966797,1376.9419,5.964142,-21.436188,0.16689618,5.5456114,-1.7232878,2019-11-07 22:55:35.697,-28.162345316666666,148.5620685545476,198.4751369496282,85.91224814027777,116.27916648472221,-49.913068395080586
2019-11-08 10:53:04.845000+00:00,-22.622993,2019-11-08 10:53:04.845000+00:00,11,116.07710279903516,85.90015889687021,2.1864395,725.8827,1.4242401,-21.29338,0.13606203,1.7565675,1.8810005,2019-11-08 10:53:04.845,-22.613565533333336,220.77416113441467,226.23265672706606,85.89923206611111,116.00455438847499,-5.4584955926513885
2019-11-08 16:51:36.543000+00:00,-21.512024,2019-11-08 16:51:36.543000+00:00,11,115.91759092047636,85.88760259863662,1.272644,366.4204,-0.9067993,-22.418823,0.14469588,6.40458,-2.6355195,2019-11-08 16:51:36.543,-21.901043016666666,176.7690246244685,220.90611668104808,85.88657106444444,115.84452444472223,-44.137092056579576
2019-11-08 23:22:24.030000+00:00,-19.608551,2019-11-08 23:22:24.030000+00:00,11,115.79241778927513,85.86824116087847,0.0,8.822652,-2.749237,-22.357788,0.14376627,6.604121,-1.5096445,2019-11-08 23:22:24.030,-20.697742783333332,218.9570832564163,230.97306933521273,85.86730395388888,115.71863921388888,-12.01598607879643
2019-11-09 10:52:07.865000+00:00,-25.527817,2019-11-09 10:52:07.865000+00:00,11,115.78274104598363,85.83974297718986,3.1954498,1245.7572,3.1231842,-22.404633,0.14054109,5.411688,-1.2886052,2019-11-09 10:52:07.865,-26.398652749999997,150.47137600442252,203.59592425362905,85.83888933583333,115.71032941694443,-53.124548249206526
2019-11-09 16:52:01.847000+00:00,-27.220383,2019-11-09 16:52:01.847000+00:00,11,115.85285138982405,85.83010031155679,4.223587,1362.9103,4.1735992,-23.046783,0.1270305,5.10446,-1.7133584,2019-11-09 16:52:01.847,-28.583285216666667,140.19678119285584,195.72175070518495,85.8292735925,115.78153876611111,-55.52496951232911
2019-11-10 10:54:04.291000+00:00,-28.975266,2019-11-10 10:54:04.291000+00:00,11,116.12983359081647,85.82529497825621,4.7930603,1217.3953,4.406845,-24.37642,0.17271599,4.433602,0.5087986,2019-11-10 10:54:04.291,-31.26525555,141.12624267251334,186.25543527474719,85.8246480213889,116.05922067463891,-45.12919260223384
2019-11-10 22:52:52.397000+00:00,-27.440544,2019-11-10 22:52:52.397000+00:00,11,116.32525557663855,85.84720294700539,5.121269,923.1382,4.003723,-23.488052,0.14848608,6.1123776,2.1088758,2019-11-10 22:52:52.397,-27.992392366666667,164.74319450092315,200.8345370836258,85.84663348083333,116.25366799166667,-36.09134258270265
2019-11-11 04:53:46.868000+00:00,-25.362854,2019-11-11 04:53:46.868000+00:00,11,116.43842088043523,85.87059165597537,5.417145,427.97086,3.6938171,-21.78975,0.21923888,6.531106,7.5361996,2019-11-11 04:53:46.868,-25.611522883333333,185.19752101715085,212.28663632720946,85.87006548666666,116.36707676527779,-27.089115310058617
2019-11-11 10:50:56.571000+00:00,-20.720062,2019-11-11 10:50:56.571000+00:00,11,116.56591893384895,85.90700832394761,2.79451,359.30304,-0.4671936,-21.079285,0.18044464,6.135109,7.034027,2019-11-11 10:50:56.571,-21.158403383333333,227.85324250919342,229.627950659523,85.90693854111112,116.49501757444446,-1.7747081503295874
2019-11-11 16:51:58.216000+00:00,-16.905685,2019-11-11 16:51:58.216000+00:00,11,116.80203809978703,85.94750501394455,5.8016815,1018.3553,3.6270142,-13.270325,0.21622886,7.5083537,9.174953,2019-11-11 16:51:58.216,-17.471033766666668,238.42343829493205,242.49055280543007,85.9471950825,116.73095368833336,-4.0671145104980155
2019-11-11 22:53:20.029000+00:00,-15.466003,2019-11-11 22:53:20.029000+00:00,11,117.08724451304342,85.97589577459668,6.2841187,513.0777,-0.30023193,-15.766235,0.11856668,6.4316616,8.848141,2019-11-11 22:53:20.029,-16.425998433333334,219.61271526495617,244.1730274368922,85.9754073638889,117.01506527130834,-24.560312171936033
2019-11-12 04:55:55.200000+00:00,-17.164612,2019-11-12 04:55:55.200000+00:00,11,117.39375367269095,86.0025896587502,6.8554993,497.1394,2.8155518,-14.34906,0.12393086,4.7444606,8.273863,2019-11-12 04:55:55.200,-18.514855583333336,243.60956364009857,241.34072099269866,86.00269571727776,117.32534619944445,2.2688426473999073
2019-11-12 10:57:23.673000+00:00,-21.205536,2019-11-12 10:57:23.673000+00:00,11,117.54117308360158,86.0302066805499,8.85965,380.25507,5.646103,-15.826477,0.13849618,8.446332,0.9967909,2019-11-12 10:57:23.673,-21.587088833333333,162.63309288405102,221.8852900480525,86.03038060552778,117.46837818416668,-59.25219716400147
2019-11-12 22:53:47.988000+00:00,-12.768158,2019-11-12 22:53:47.988000+00:00,11,117.81916816903002,86.08122207469457,2.3797913,287.82724,-5.659088,-18.41806,0.14532346,6.5047045,11.215936,2019-11-12 22:53:47.988,-13.915826149999997,236.2698517853546,252.69336050056455,86.08077930075001,117.74374609444445,-16.423508715209948
2019-11-13 05:00:10.981000+00:00,-13.394592,2019-11-13 05:00:10.981000+00:00,11,117.96932156640071,86.10093841076583,2.32193,242.61479,-5.275467,-18.67006,0.12482433,6.625331,6.30072,2019-11-13 05:00:10.981,-13.695433933333334,243.6572841656367,255.96527425810496,86.10060702936111,117.89242788777776,-12.307990092468259
2019-11-13 16:51:09.913000+00:00,-22.045319,2019-11-13 16:51:09.913000+00:00,11,117.99678743983442,86.12660501727852,9.917236,543.2513,7.6860657,-14.359253,0.11038175,6.330232,0.38881397,2019-11-13 16:51:09.913,-23.83439035,163.49292139520009,211.4223950924047,86.12636675372222,117.91922816416668,-47.92947369720463
2019-11-13 22:54:50.838000+00:00,-18.837997,2019-11-13 22:54:50.838000+00:00,11,118.06627391264301,86.14279438114235,9.74852,656.4213,4.182968,-14.655029,0.15777178,5.384795,-2.2884426,2019-11-13 22:54:50.838,-19.769741033333336,221.8452410231654,232.55378908499398,86.14239631433334,117.98853916083333,-10.708548061828566
2019-11-14 04:55:49.060000+00:00,-13.983597,2019-11-14 04:55:49.060000+00:00,11,118.18523192262555,86.16143259212635,6.61821,559.08954,-0.69802856,-14.643219,0.14899428,7.14819,-2.4560714,2019-11-14 04:55:49.060,-14.635695950000002,250.41311532190957,253.85835975916544,86.16126522472221,118.11092392033333,-3.445244437255866
2019-11-14 10:55:20.373000+00:00,-12.570404,2019-11-14 10:55:20.373000+00:00,11,118.24292969500581,86.17216696576058,6.074951,417.54703,-1.4591675,-13.900604,0.15578416,8.90192,-3.8775291,2019-11-14 10:55:20.373,-13.174329216666667,254.53125452290857,258.96684496724447,86.17220048833333,118.1658710590278,-4.435590444335901
2019-11-14 22:53:42.161000+00:00,-11.892578,2019-11-14 22:53:42.161000+00:00,11,118.31024396242307,86.185495432111,2.2562866,444.31235,-3.3950806,-15.287659,0.18147202,2.990433,7.1340923,2019-11-14 22:53:42.161,-12.183108916666667,259.31559084180196,263.2606392335256,86.18512198472224,118.23193089611111,-3.945048391723617
2019-11-15 10:53:59.823000+00:00,-14.193481,2019-11-15 10:53:59.823000+00:00,11,118.46251221969514,86.19006681084602,4.753418,671.2568,-0.33935547,-14.532837,0.14156982,3.2608936,4.864398,2019-11-15 10:53:59.823,-17.591599366666664,239.6988763277308,242.39998801016492,86.18977709444444,118.38359103361111,-2.7011116824341173
2019-11-16 05:01:33.968000+00:00,-7.3617554,2019-11-16 05:01:33.968000+00:00,11,119.87407637755732,86.18217399001011,0.81707764,385.66907,-5.7204285,-13.082184,0.14300105,9.048247,11.162026,2019-11-16 05:01:33.968,-7.475414351666666,263.96472579869584,279.87242067052205,86.18177991972223,119.80263710444444,-15.907694871826209
2019-11-16 10:52:46.252000+00:00,-6.2000732,2019-11-16 10:52:46.252000+00:00,11,120.75714174472732,86.1636586088981,0.07131958,2.606705,-4.552185,-10.680939,0.35663366,6.4605246,16.241127,2019-11-16 10:52:46.252,-6.366086113333333,275.2001835990397,286.20840067911786,86.16332524233333,120.68523275833334,-11.008217080078168
2019-11-16 21:53:51.738000+00:00,-6.903015,2019-11-16 21:53:51.738000+00:00,11,122.38440325189448,86.1140665091941,0.0,1.804641,-2.7944336,-9.697449,0.0816695,10.493226,14.966397,2019-11-16 21:53:51.738,-7.03491763,267.82306789466855,273.4866450376129,86.11345932427778,122.31196647944444,-5.663577142944348
2019-11-26 10:58:47.926000+00:00,-26.64093,2019-11-26 10:58:47.926000+00:00,11,119.16390710510518,86.12732302050857,3.463379,317.90192,0.47860718,-26.270004,0.2183133,6.2823915,2.162136,2019-11-26 10:58:47.926,-27.064450583333336,151.67602239234924,204.55989983314515,86.12377019547223,119.13356180308332,-52.883877440795914
2019-11-26 22:57:03.547000+00:00,-26.135544,2019-11-26 22:57:03.547000+00:00,11,118.50637492754734,86.14348038187026,0.77505493,534.2297,-2.782898,-28.902588,0.22000866,2.5074067,1.757628,2019-11-26 22:57:03.547,-25.9413572,164.63737982330323,206.64656322174073,86.14014490883335,118.47714122055557,-42.0091833984375
2019-11-29 17:06:59.890000+00:00,-24.388733,2019-11-29 17:06:59.890000+00:00,11,113.81050834142022,86.0984199748803,5.3752747,884.6529,4.467804,-19.920929,0.20749272,4.8146987,17.81188,2019-11-29 17:06:59.890,-24.72710298333333,166.73165359930675,211.81192186499274,86.09433827658333,113.78336152527777,-45.08026826568599
2019-11-30 11:06:25.930000+00:00,-28.111908,2019-11-30 11:06:25.930000+00:00,11,112.87659913065228,86.0440017266839,6.859497,955.81476,6.052353,-22.112,0.17646588,7.4903464,6.9923244,2019-11-30 11:06:25.930,-28.345154816666668,139.94004699050905,198.1060012055969,86.03977273913888,112.85302549111111,-58.16595421508785
2019-12-01 04:50:14.916000+00:00,-22.808853,2019-12-01 04:50:14.916000+00:00,12,112.94225774872393,85.97676099198172,5.272934,349.57944,1.7634277,-20.522522,0.21028017,6.416981,5.8799195,2019-12-01 04:50:14.916,-23.105895116666666,208.7079340154139,221.9504818404261,85.97290181611112,112.92567196833333,-13.242547825012196
2019-12-01 16:53:32.549000+00:00,-20.105896,2019-12-01 16:53:32.549000+00:00,12,113.30863310523063,85.93528818498558,2.1333618,354.19058,0.23712158,-19.980042,0.12735273,6.370784,3.395749,2019-12-01 16:53:32.549,-20.034801833333333,231.03714858502707,234.26268803387956,85.93155887222221,113.28911405888888,-3.225539448852487
2019-12-03 04:53:31.347000+00:00,-17.0083,2019-12-03 04:53:31.347000+00:00,12,115.46406587265542,85.99378533773019,1.6338806,442.10596,-1.3273926,-18.335693,0.25991732,13.8625145,13.739828,2019-12-03 04:53:31.347,-17.246087233333334,238.89397183102923,243.7146357000478,85.99030979194444,115.4431490622222,-4.820663869018574
2019-12-03 10:48:51.335000+00:00,-15.962677,2019-12-03 10:48:51.335000+00:00,12,116.13632593612296,86.0212413950703,0.0,4.8123684,-1.5038452,-17.466522,0.28362462,16.831896,10.841187,2019-12-03 10:48:51.335,-15.799466366666667,244.49044057895657,248.8048288806534,86.0182501103611,116.12093700466664,-4.314388301696823
2019-12-03 16:49:34.800000+00:00,-15.799469,2019-12-03 16:49:34.800000+00:00,12,116.77527345227969,86.04725088834132,1.9728394,1645.6086,0.25674438,-15.495148,0.23676124,7.331831,9.5149765,2019-12-03 16:49:34.800,-16.27690616666667,242.95091144423168,247.14443720198315,86.04437330980555,116.75904353277778,-4.193525757751473
2019-12-03 22:52:26.900000+00:00,-15.325043,2019-12-03 22:52:26.900000+00:00,12,117.40023947374975,86.07174581076482,4.6467285,1275.3257,4.361206,-10.963837,0.30791432,7.8127956,5.64017,2019-12-03 22:52:26.900,-15.598717916666667,248.464112944781,249.73920644667305,86.06863611913887,117.3780585238889,-1.2750935018920586
2019-12-04 11:02:50.177000+00:00,-15.528168,2019-12-04 11:02:50.177000+00:00,12,118.6778797815694,86.10515504957407,4.270569,1446.0928,4.003296,-11.524872,0.25986087,7.39794,6.913996,2019-12-04 11:02:50.177,-15.833705066666667,239.5139300701904,248.31109943298338,86.10200518919444,118.65328122777778,-8.797169362792971
2019-12-04 16:53:42.205000+00:00,-16.454422,2019-12-04 16:53:42.205000+00:00,12,119.27110068043417,86.11932175826708,3.7315521,1242.555,3.2964783,-13.169098,0.3062132,5.4773226,8.178031,2019-12-04 16:53:42.205,-16.64014876666667,237.46329359549205,245.5046046724574,86.11610009141667,119.24493135222221,-8.041311076965343
2019-12-05 04:55:58.068000+00:00,-16.886292,2019-12-05 04:55:58.068000+00:00,12,120.48306660963739,86.13895863851108,3.0487976,2306.402,0.9347534,-16.114563,0.30279824,5.083911,6.750551,2019-12-05 04:55:58.068,-17.328646,236.11139895866395,242.9366675554657,86.13602235177777,120.46983706138887,-6.825268596801749
2019-12-05 16:57:51.752000+00:00,-18.287674,2019-12-05 16:57:51.752000+00:00,12,121.56431979345747,86.1458107173812,2.2281952,1079.7957,1.5938263,-16.693848,0.31187856,7.272247,4.122909,2019-12-05 16:57:51.752,-18.602515999999998,217.63943002773286,236.58070449703214,86.14265984952779,121.54370926305555,-18.941274469299287
2019-12-06 04:49:47.460000+00:00,-23.12571,2019-12-06 04:49:47.460000+00:00,12,122.191027154671,86.14094513474836,6.13575,942.38544,5.573822,-17.445587,0.23808932,5.0026174,4.3973413,2019-12-06 04:49:47.460,-23.89245246666667,174.36863682365419,215.08197320365906,86.13781561975,122.16220669580557,-40.713336380004876
2019-12-06 11:11:29.093000+00:00,-25.092133,2019-12-06 11:11:29.093000+00:00,12,122.29802806147138,86.13921325295047,8.6474,958.02106,7.51474,-17.577393,0.21854806,3.1141057,1.0871034,2019-12-06 11:11:29.093,-26.391659316666665,163.0525287927755,203.2141466968282,86.13610960605556,122.26518994833334,-40.16161790405272
2019-12-07 10:57:53.822000+00:00,-23.633972,2019-12-07 10:57:53.822000+00:00,12,122.12832709715765,86.16338618400667,4.3938904,817.8997,2.9278564,-20.625565,0.14989683,3.533516,4.5418463,2019-12-07 10:57:53.822,-27.121675933333336,155.83576318522134,197.61607404459636,86.16044188308334,122.09429227925003,-41.78031085937502
2019-12-07 16:52:18.578000+00:00,-25.294373,2019-12-07 16:52:18.578000+00:00,12,122.00868190534936,86.17858280976141,6.4418488,1495.3984,5.7671814,-19.527191,0.17332965,7.2177353,5.629815,2019-12-07 16:52:18.578,-25.619886083333334,161.08336676157631,206.8471254993693,86.17557918527778,121.97434903277778,-45.76375873779298
2019-12-08 04:52:47.829000+00:00,-20.47284,2019-12-08 04:52:47.829000+00:00,12,121.45046017655402,86.2519868557957,0.2310791,1161.7795,0.03982544,-20.433014,0.18117794,6.8729305,15.752731,2019-12-08 04:52:47.829,-20.7873805,193.95072443163554,226.50600407213847,86.24910965555554,121.41781492083335,-32.55527964050293
2019-12-08 10:47:31.803000+00:00,-18.501953,2019-12-08 10:47:31.803000+00:00,12,121.31571716436922,86.2870336654838,1.3558044,724.58325,0.09208679,-18.409866,0.13076769,10.321243,1.4728928,2019-12-08 10:47:31.803,-20.437992066666666,167.2893801720174,225.42680673207602,86.28474930861111,121.27958893861111,-58.13742656005863
2019-12-08 16:52:39.736000+00:00,-22.217873,2019-12-08 16:52:39.736000+00:00,12,121.19486667990597,86.32399680269467,6.476509,879.2431,4.6021423,-17.64038,0.16534695,6.282138,8.677745,2019-12-08 16:52:39.736,-22.71808535,159.61296270755767,217.00231063816074,86.321132555,121.16294119372222,-57.389347930603066
2019-12-09 04:59:28.786000+00:00,-22.775894,2019-12-09 04:59:28.786000+00:00,12,121.00171292038388,86.38199853266971,6.9533844,700.22675,3.7749634,-18.823853,0.21961033,7.508155,1.4105434,2019-12-09 04:59:28.786,-23.313348216666668,161.54814451358794,215.204600190773,86.37931200749999,120.96781816055557,-53.65645567718505
2019-12-09 18:14:53.430000+00:00,-23.776688,2019-12-09 18:14:53.430000+00:00,12,120.91033723743381,86.43874164533636,7.157547,345.57153,1.8677216,-21.908966,0.11739766,7.705607,3.472793,2019-12-09 18:14:53.430,-24.616159200000002,153.70401584218342,210.49172709706622,86.43571411083333,120.87700370833333,-56.787711254882794
2019-12-10 11:13:15.404000+00:00,-19.997025,2019-12-10 11:13:15.404000+00:00,12,121.04317382775973,86.50543660195079,9.392471,205.22221,3.3267975,-16.670227,0.17547226,6.0176034,0.37247086,2019-12-10 11:13:15.404,-20.925777316666665,170.06825987668353,223.56447484921773,86.50236999916665,121.00804194142779,-53.496214972534204
2019-12-11 04:54:09.907000+00:00,-24.802048,2019-12-11 04:54:09.907000+00:00,12,120.82108339759588,86.56075707582622,10.094559,532.7287,7.54335,-17.319809,0.11767489,5.6915073,2.994237,2019-12-11 04:54:09.907,-25.722948633333335,158.53613797864278,206.81248505688987,86.55761395305557,120.78627875555557,-48.276347078247085
2019-12-11 16:55:01.717000+00:00,-26.145477,2019-12-11 16:55:01.717000+00:00,12,120.51091831703982,86.58537666293661,11.969421,703.9371,11.294312,-14.851166,0.1297607,6.329174,-1.7250867,2019-12-11 16:55:01.717,-27.088169900000004,158.21093379483543,202.2601122805532,86.58255794472223,120.46981666861113,-44.04917848571776
2019-12-11 22:51:32.993000+00:00,-25.213837,2019-12-11 22:51:32.993000+00:00,12,120.31779395712,86.59307261476508,11.399506,1389.38,11.398468,-13.815369,0.10591242,4.492627,-0.5457325,2019-12-11 22:51:32.993,-28.154808299999996,158.79643065786996,198.9203365199915,86.59004735611111,120.28219396194443,-40.123905862121546
2019-12-13 04:58:32.717000+00:00,-24.37967,2019-12-13 04:58:32.717000+00:00,12,119.41927235364017,86.59234171892044,12.078461,763.57715,11.230652,-13.149017,0.2675762,4.974033,3.9830718,2019-12-13 04:58:32.717,-24.402681583333337,184.78619621431986,214.07156389803566,86.58910977388888,119.38186099361113,-29.285367683715805
2019-12-13 10:53:33.203000+00:00,-24.55307,2019-12-13 10:53:33.203000+00:00,12,119.16573950847629,86.59446205242483,13.942535,893.6789,13.171112,-11.381958,0.28819737,4.058835,2.1098852,2019-12-13 10:53:33.203,-25.877791066666664,167.3825644085312,207.56730881435396,86.59127553388889,119.13229898769444,-40.184744405822755
2019-12-13 16:53:00.561000+00:00,-21.870377,2019-12-13 16:53:00.561000+00:00,12,118.94301663259239,86.59800299539758,11.0569,1013.0511,9.384445,-12.485931,0.32010058,2.143616,5.01486,2019-12-13 16:53:00.561,-22.010349533333333,225.71675501310983,227.74511156553905,86.59477243138889,118.9084165325,-2.0283565524292158
2019-12-13 22:51:25.782000+00:00,-20.258759,2019-12-13 22:51:25.782000+00:00,12,118.74985599037831,86.60255456285492,8.597656,1103.8552,7.530884,-12.727875,0.31241637,1.5345238,4.6831813,2019-12-13 22:51:25.782,-21.1100356,230.1838779154587,229.94765424388885,86.59935991638888,118.7146872536111,0.23622367156986002
2019-12-14 04:52:28.402000+00:00,-22.275146,2019-12-14 04:52:28.402000+00:00,12,118.59159802230475,86.60841587413772,8.335144,1223.6205,8.099426,-14.273987,0.32638398,1.8569739,1.4843845,2019-12-14 04:52:28.402,-23.80805771666666,192.3932075745519,215.95606963235218,86.6051712352778,118.55748574611111,-23.562862057800288
2019-12-15 04:54:07.321000+00:00,-28.108856,2019-12-15 04:54:07.321000+00:00,12,118.11811688044077,86.61970310013444,13.093994,1356.5096,13.027557,-15.081299,0.2340762,2.320253,2.0351248,2019-12-15 04:54:07.321,-31.255361116666666,156.59686424826302,188.68108257620494,86.6163788863889,118.08351070883334,-32.084218327941926
2019-12-15 10:54:49.217000+00:00,-30.407059,2019-12-15 10:54:49.217000+00:00,12,117.98801940515843,86.6194506081121,15.733231,1716.064,15.406021,-15.001038,0.3486851,3.7669713,-1.1097791,2019-12-15 10:54:49.217,-30.904470500000002,164.79279988683066,193.14478987096152,86.61612209444442,117.95502894222223,-28.351989984130853
2019-12-16 05:20:25.263000+00:00,-21.433441,2019-12-16 05:20:25.263000+00:00,12,117.08960617631656,86.60725336911685,9.978729,1211.9948,9.455322,-11.978119,0.3358586,7.882071,5.8667617,2019-12-16 05:20:25.263,-21.36149705,192.87109701675416,225.6442277430725,86.60375487916667,117.05040935675001,-32.77313072631833
2019-12-16 22:53:24.620000+00:00,-18.577026,2019-12-16 22:53:24.620000+00:00,12,115.3971651651623,86.606259218196,6.647217,1629.7865,5.334137,-13.242889,0.24532984,4.1971455,9.7626095,2019-12-16 22:53:24.620,-18.5936192,234.37833467243195,238.78851413501744,86.60282005194445,115.36556942472222,-4.410179462585489
2019-12-19 04:53:02.238000+00:00,-20.647583,2019-12-19 04:53:02.238000+00:00,12,113.0781643824756,86.68103081070493,7.0843506,679.881,5.7758484,-15.001648,0.2651298,1.7904432,7.5561085,2019-12-19 04:53:02.238,-20.2792206,229.4345374706141,234.21213594992318,86.6776179261111,113.04773458925001,-4.777598479309091
2019-12-19 10:50:25.168000+00:00,-21.824097,2019-12-19 10:50:25.168000+00:00,12,112.97700079343595,86.6788354412062,9.051544,494.83774,5.8151855,-16.008911,0.24041493,1.0270169,7.084817,2019-12-19 10:50:25.168,-22.298555483333335,209.9103704080836,224.2456808759181,86.67554466166668,112.94489015333333,-14.335310467834518
2019-12-20 10:53:01.044000+00:00,-26.45697,2019-12-20 10:53:01.044000+00:00,12,112.59132826754,86.68018907894391,11.605591,1161.3842,10.703873,-15.690491,0.26288736,1.225808,4.505394,2019-12-20 10:53:01.044,-27.631762233333337,175.44418175882976,201.98649632425943,86.6767777261111,112.55992659972222,-26.542314565429677
2019-12-20 22:51:17.721000+00:00,-21.701431,2019-12-20 22:51:17.721000+00:00,12,112.47307144515744,86.68596474538151,6.5415497,1318.2278,6.469162,-15.232269,0.27809456,0.7154768,3.6448724,2019-12-20 22:51:17.721,-21.700002383333334,225.6525789915339,228.34184402174628,86.68265038138888,112.44104643472221,-2.689265030212397
2019-12-21 10:53:49.376000+00:00,-19.725677,2019-12-21 10:53:49.376000+00:00,12,112.40771627413888,86.68806144748947,3.5934143,1400.3047,3.4487915,-16.210022,0.21838355,1.1666751,2.0905528,2019-12-21 10:53:49.376,-19.460348733333337,233.29238815203348,235.88921526812237,86.68470593555557,112.37667424972221,-2.596827116088889
2019-12-21 22:53:31.650000+00:00,-27.327393,2019-12-21 22:53:31.650000+00:00,12,112.45751280424422,86.68251860431724,12.088837,1168.1992,11.621155,-15.706238,0.23484524,3.1309283,3.4911416,2019-12-21 22:53:31.650,-28.219344999999997,162.90144848623908,200.40521874045058,86.67917350583335,112.42635352694444,-37.5037702542115
2019-12-22 10:52:05.608000+00:00,-26.828644,2019-12-22 10:52:05.608000+00:00,12,112.63571508489825,86.67224739399981,12.057709,1204.7798,11.629974,-15.198669,0.2422251,2.7328758,7.23046,2019-12-22 10:52:05.608,-27.983186366666665,177.18461371711732,203.43029077217108,86.66897163888888,112.60415319111112,-26.24567705505376
2019-12-22 22:53:12.429000+00:00,-17.835197,2019-12-22 22:53:12.429000+00:00,12,112.88244213995087,86.65775674765443,3.9817429,351.18622,0.6715851,-17.007019,0.24905325,5.8091145,1.8623066,2019-12-22 22:53:12.429,-18.292468116666665,243.38250275910696,239.77960825990044,86.65442265444443,112.8509820572222,3.6028944992065135
2019-12-23 04:54:44.285000+00:00,-21.99089,2019-12-23 04:54:44.285000+00:00,12,113.00571457769315,86.64926921824927,7.2649384,933.57086,6.233139,-15.757751,0.25252572,4.5483046,2.3296223,2019-12-23 04:54:44.285,-22.135735433333334,236.14111630696613,227.8244580476888,86.6459383738889,112.97285526583335,8.316658259277318
2019-12-23 16:50:49.751000+00:00,-26.707382,2019-12-23 16:50:49.751000+00:00,12,113.26005994341826,86.63573376844731,12.852188,474.58835,10.361572,-16.325958,0.22632709,4.9980383,1.9941764,2019-12-23 16:50:49.751,-27.074509683333332,157.50758309581755,204.64683303264619,86.63239998194445,113.22958446694447,-47.139249936828634
2019-12-23 22:53:33.324000+00:00,-27.588959,2019-12-23 22:53:33.324000+00:00,12,113.44507213677099,86.63062492558824,13.9322815,772.3981,10.945923,-16.643036,0.24952704,7.1200876,2.3057928,2019-12-23 22:53:33.324,-27.859199699999998,158.19523232334137,201.70328172611238,86.62730380305555,113.41292729361112,-43.50804940277101
2019-12-24 04:53:48.666000+00:00,-27.398445,2019-12-24 04:53:48.666000+00:00,12,113.64232634958293,86.62760530824973,12.167244,749.74506,10.962158,-16.650421,0.24172938,5.2451572,3.5195026,2019-12-24 04:53:48.666,-28.846703166666668,156.01001770612078,198.79257025067648,86.62432123805554,113.60925605583334,-42.7825525445557
2019-12-24 10:52:53.510000+00:00,-28.225166,2019-12-24 10:52:53.510000+00:00,12,113.89072851401988,86.6247679846934,12.507118,710.2522,10.21933,-17.856232,0.39493752,3.633289,6.605672,2019-12-24 10:52:53.510,-29.17052825,151.030774120547,196.11064419531505,86.62149350055554,113.85812261805556,-45.07987007476805
2019-12-24 22:51:04.420000+00:00,-25.587936,2019-12-24 22:51:04.420000+00:00,12,114.4313136234104,86.62195125469763,10.124893,508.77118,6.9031982,-18.677368,0.22738898,4.5822897,5.3426504,2019-12-24 22:51:04.420,-25.84137245,171.33478965353646,209.72298004446665,86.61876829527777,114.39865453111113,-38.38819039093019
2019-12-25 22:57:45.580000+00:00,-20.234772,2019-12-25 22:57:45.580000+00:00,12,115.39926025426166,86.63712657582023,0.7072449,1098.5438,-0.92759705,-21.162369,0.19512749,3.5222285,4.9490395,2019-12-25 22:57:45.580,-20.689521516666666,224.29461511631013,230.89131366214752,86.63408685722223,115.36921139027777,-6.596698545837398
2019-12-26 04:53:55.885000+00:00,-28.857407,2019-12-26 04:53:55.885000+00:00,12,115.62776020766808,86.6452114525682,7.916458,1184.5349,7.753937,-21.156128,0.2043499,5.6537313,4.963953,2019-12-26 04:53:55.885,-30.54394095,140.58525151578266,194.5387723281606,86.64205484861111,115.59269201111113,-53.953520812377946
2019-12-26 10:51:14.928000+00:00,-26.637207,2019-12-26 10:51:14.928000+00:00,12,115.86116761964611,86.65261523573236,4.123947,1341.8787,4.108734,-22.544067,0.20623244,5.9100347,0.9402361,2019-12-26 10:51:14.928,-27.2209519,168.9869727943166,203.97304521680198,86.64966586583333,115.82694139,-34.986072422485364
2019-12-27 04:53:32.395000+00:00,-26.734085,2019-12-27 04:53:32.395000+00:00,12,116.0046244687463,86.67582828635592,5.0285797,1191.4506,4.5382385,-22.195847,0.23663446,3.1739948,1.3848879,2019-12-27 04:53:32.395,-30.28038751666666,143.86813421642302,187.2430171805954,86.67268101194445,115.96809310333336,-43.37488296417237
2019-12-27 10:50:05.655000+00:00,-28.57219,2019-12-27 10:50:05.655000+00:00,12,115.96133379931905,86.67883139149058,5.7534027,1301.7921,6.7030487,-22.836792,0.23025782,1.9524422,1.3800099,2019-12-27 10:50:05.655,-34.55686561666666,139.4055519601822,177.3914290338516,86.67569439222223,115.9241088388889,-37.9858770736694
2019-12-27 16:55:00.795000+00:00,-30.997055,2019-12-27 16:55:00.795000+00:00,12,115.91995116750057,86.67931877942212,7.341919,1099.747,6.979126,-24.01793,0.21614014,2.3154535,-0.81526744,2019-12-27 16:55:00.795,-35.702230150000005,153.14681723278042,177.7182252628708,86.6760651983333,115.88181598861111,-24.571408030090367
2019-12-27 22:51:24.507000+00:00,-32.36641,2019-12-27 22:51:24.507000+00:00,12,115.8636676954545,86.67998693322217,8.310913,1081.6063,8.031296,-24.335114,0.19285631,1.8056177,-1.0143093,2019-12-27 22:51:24.507,-34.61036146666667,151.85965388556164,177.85958117712659,86.67678819805555,115.82851051472221,-25.999927291564944
2019-12-28 22:52:57.703000+00:00,-35.373154,2019-12-28 22:52:57.703000+00:00,12,115.64574996852436,86.66222413652999,11.065781,1001.4255,10.211746,-25.161407,0.23465928,3.0139318,1.3730307,2019-12-28 22:52:57.703,-37.19156421666666,137.05632655359904,170.4634956392924,86.65903249833335,115.60951292666667,-33.40716908569337
2019-12-29 22:50:42.601000+00:00,-27.741562,2019-12-29 22:50:42.601000+00:00,12,116.12065573132449,86.62313360981008,4.5614777,184.16948,4.1579742,-23.583588,0.27302825,7.931194,-3.7097316,2019-12-29 22:50:42.601,-27.898387366666675,166.3580533894984,201.15811423941295,86.61986984472222,116.08583142700002,-34.80006084991456
2019-12-30 04:54:09.364000+00:00,-25.565292,2019-12-30 04:54:09.364000+00:00,12,116.44098082478976,86.613263437392,3.347702,1731.5955,3.0838776,-22.688354,0.29615304,7.2840123,-0.673141,2019-12-30 04:54:09.364,-26.030481166666664,206.28212162212373,211.34454345104214,86.61011602194445,116.40423510361111,-5.062421828918417
2019-12-30 16:54:35.994000+00:00,-27.158768,2019-12-30 16:54:35.994000+00:00,12,117.20367830660233,86.58505499332172,6.3117676,1206.0815,6.1869507,-20.971817,0.25278836,6.9140573,-1.1465793,2019-12-30 16:54:35.994,-27.160879183333332,194.44396710989636,207.58484051108044,86.5820431988889,117.16435176422223,-13.14087340118408
2019-12-31 04:53:04.144000+00:00,-31.785675,2019-12-31 04:53:04.144000+00:00,12,117.75659553329804,86.57959126820484,10.114792,1486.9874,8.974808,-22.810867,0.2658362,3.3982913,1.8225577,2019-12-31 04:53:04.144,-32.78362156666667,136.75641670216876,185.30963677541098,86.57666794916665,117.71706879194444,-48.553220073242215
2019-12-31 10:47:12.488000+00:00,-34.19655,2019-12-31 10:47:12.488000+00:00,12,117.87727983555737,86.58804271102048,10.90535,865.31354,10.6107025,-23.585846,0.2186275,2.9160347,3.2024827,2019-12-31 10:47:12.488,-35.822109499999996,131.95329520118713,175.73579589637757,86.58546738999999,117.8394602986111,-43.782500695190436
2019-12-31 22:51:49.951000+00:00,-29.476517,2019-12-31 22:51:49.951000+00:00,12,118.06903311148288,86.63156096059296,11.465256,740.52356,9.738861,-20.183044,0.18856794,5.092057,7.0725155,2019-12-31 22:51:49.951,-30.409125416666672,142.31433273571014,192.1173528873825,86.62886277777778,118.02790024872225,-49.80302015167237
2020-01-01 05:44:27.397000+00:00,-29.366714,2020-01-01 05:44:27.397000+00:00,1,118.08910205545524,86.66912212001655,9.477844,594.4777,8.502563,-20.864151,0.16316131,8.8632765,4.810096,2020-01-01 05:44:27.397,-30.67450636666667,135.1561976292801,191.16205882526398,86.66624703750001,118.04736002305556,-56.0058611959839
2020-01-01 11:08:09.233000+00:00,-29.640549,2020-01-01 11:08:09.233000+00:00,1,117.9772060089884,86.70043710091312,8.51445,891.2745,8.306732,-21.333817,0.17613263,9.053037,4.168764,2020-01-01 11:08:09.233,-30.990590750000003,133.27527415536247,190.91413457253776,86.69820409416668,117.93079130999999,-57.638860417175295
2020-01-01 22:51:33.777000+00:00,-29.414673,2020-01-01 22:51:33.777000+00:00,1,117.3917563890065,86.75863785338382,7.810913,1121.697,7.524872,-21.889801,0.3020163,9.048196,7.0357466,2020-01-01 22:51:33.777,-29.82475791666667,146.78323323420207,196.12235615046183,86.75592708444445,117.34630101444444,-49.339122916259754
2020-01-02 04:55:15.614000+00:00,-27.696136,2020-01-02 04:55:15.614000+00:00,1,117.04299524620939,86.79097332813716,6.607971,1010.74805,6.048996,-21.88237,0.30686402,9.036047,4.19493,2020-01-02 04:55:15.614,-28.26761695,171.9787996138382,202.95261855396268,86.78880518583334,116.99244348083332,-30.973818940124488
2020-01-02 16:57:55.197000+00:00,-23.8292,2020-01-02 16:57:55.197000+00:00,1,116.255485881264,86.85005284344753,6.0392227,1672.0782,3.4696808,-20.464767,0.30799264,9.961093,1.5164957,2020-01-02 16:57:55.197,-24.132939799999996,209.67367090171814,218.74508628074645,86.8475014375,116.20672383527778,-9.07141537902831
2020-01-03 10:52:35.700000+00:00,-28.021347,2020-01-03 10:52:35.700000+00:00,1,115.70989295934653,86.91135745846076,10.1440735,650.61316,8.416901,-19.339996,0.25179514,5.269215,-0.15485096,2020-01-03 10:52:35.700,-28.855038499999996,160.23043829570767,197.75990913341522,86.9083924425,115.66834702916667,-37.52947083770755
2020-01-04 04:54:20.250000+00:00,-25.217743,2020-01-04 04:54:20.250000+00:00,1,115.4538061282978,86.98260521528529,8.569763,821.41534,7.197815,-17.657639,0.3088959,6.496579,6.7042055,2020-01-04 04:54:20.250,-25.650840449999997,192.13042450710296,211.00489518001555,86.97953463888888,115.41294355,-18.874470672912594
2020-01-04 22:49:24.713000+00:00,-25.514267,2020-01-04 22:49:24.713000+00:00,1,115.33994831098099,87.0403063172801,6.7436676,1154.3728,6.662201,-18.852066,0.20738125,5.384744,1.6623077,2020-01-04 22:49:24.713,-26.784184400000004,174.53685055769603,204.76001752150222,87.03746742927778,115.29701180305555,-30.223166963806193
2020-01-05 10:49:19.463000+00:00,-27.575874,2020-01-05 10:49:19.463000+00:00,1,115.3225920878296,87.06797651351344,8.453636,668.657,8.161697,-19.733932,0.22286078,3.545532,-1.9928916,2020-01-05 10:49:19.463,-29.413014849999996,152.04485370798744,193.75914235056558,87.06500522841667,115.27867499055557,-41.71428864257814
2020-01-05 16:51:13.957000+00:00,-28.784714,2020-01-05 16:51:13.957000+00:00,1,115.3393812995642,87.07996924625894,10.20845,735.11414,8.350662,-20.434052,0.2594036,2.182871,0.08655405,2020-01-05 16:51:13.957,-30.65165128333333,152.65575815661114,190.54775194506328,87.07699626969445,115.29717371916668,-37.89199378845214
2020-01-05 22:40:22.780000+00:00,-26.581459,2020-01-05 22:40:22.780000+00:00,1,115.34145580721139,87.08925254893828,8.408897,892.6811,5.8496246,-20.82933,0.23296113,2.7423515,1.6627913,2020-01-05 22:40:22.780,-27.8611991,181.70468379239398,203.58634722195944,87.0862898161389,115.29904413305556,-21.881663429565464
2020-01-06 04:54:01.717000+00:00,-26.265137,2020-01-06 04:54:01.717000+00:00,1,115.27668422185464,87.0972106895436,8.237534,763.0799,4.2122498,-21.219284,0.27709416,1.5367383,0.61673033,2020-01-06 04:54:01.717,-28.257622599999998,182.56207792719522,201.22867358515424,87.09414955880554,115.23326580333335,-18.66659565795902
2020-01-06 10:51:30.352000+00:00,-26.512627,2020-01-06 10:51:30.352000+00:00,1,115.1933647897189,87.1029061076985,8.787178,655.12506,4.5090637,-22.014069,0.26859865,2.6434717,0.2969916,2020-01-06 10:51:30.352,-27.061150783333336,200.198191863149,208.39758296300255,87.09984445977777,115.1488441902222,-8.199391099853557
2020-01-06 16:59:31.664000+00:00,-26.947723,2020-01-06 16:59:31.664000+00:00,1,115.08682549262552,87.10876549173406,8.507095,615.1297,3.9609985,-22.824738,0.27499232,4.1227818,-0.47644353,2020-01-06 16:59:31.664,-28.5736094,161.19043847708383,197.78963517904918,87.10570635447223,115.04060268927779,-36.599196701965354
2020-01-06 22:55:07.873000+00:00,-27.45086,2020-01-06 22:55:07.873000+00:00,1,114.98584658800131,87.11194717055449,9.487373,589.86926,5.246582,-22.164688,0.26097056,2.317707,4.53677,2020-01-06 22:55:07.873,-29.54867228333333,152.40541947797138,194.54766916364034,87.10902025955555,114.93970580499999,-42.14224968566896
2020-01-07 04:54:29.527000+00:00,-27.527039,2020-01-07 04:54:29.527000+00:00,1,114.93791123208838,87.11948443368604,9.636017,509.6759,4.4140472,-23.123184,0.2153887,4.4938307,-1.2129247,2020-01-07 04:54:29.527,-29.394005,147.54520900222775,194.55560686965939,87.11643285747223,114.8944131588889,-47.010397867431635
2020-01-07 16:52:48.400000+00:00,-28.431503,2020-01-07 16:52:48.400000+00:00,1,115.04496683632527,87.1191327327889,11.647842,276.90326,4.630478,-23.801025,0.32394072,5.0149307,-3.0950975,2020-01-07 16:52:48.400,-29.681537583333334,157.11612162165324,195.50807536554973,87.1160824253889,115.0010241253639,-38.391953743896494
2020-01-07 22:54:17.354000+00:00,-23.68702,2020-01-07 22:54:17.354000+00:00,1,115.16032929589876,87.11513348122665,6.388542,320.81256,-0.9029083,-24.60701,0.30797052,4.005457,-1.5573416,2020-01-07 22:54:17.354,-24.465611083333336,198.8294453672409,214.36167579479215,87.11217939599999,115.11378585022223,-15.53223042755124
2020-01-08 04:55:31.450000+00:00,-23.243591,2020-01-08 04:55:31.450000+00:00,1,115.22323634248583,87.11134039193789,5.9176025,163.91919,1.4627075,-21.801865,0.3339274,4.1285143,-2.9336777,2020-01-08 04:55:31.450,-24.766928333333333,173.2261282969157,210.8087283457438,87.10838077894445,115.17680964527779,-37.582600048828084
2020-01-08 10:49:49.972000+00:00,-22.62915,2020-01-08 10:49:49.972000+00:00,1,115.20367039404017,87.11290298898312,5.2970734,207.22855,0.8511963,-22.19246,0.3320996,1.9206512,-0.53661156,2020-01-08 10:49:49.972,-24.863975066666665,193.57344850428265,213.72152601771035,87.11006320097222,115.1543923975,-20.148077513427694
2020-01-08 16:58:59.188000+00:00,-26.861427,2020-01-08 16:58:59.188000+00:00,1,115.08407362632254,87.1182043346047,8.071434,451.8352,5.2584534,-22.022156,0.28565955,1.3326511,6.501152,2020-01-08 16:58:59.188,-30.396070200000004,151.74149800304411,188.59137063762665,87.11537924444444,115.03451678161112,-36.84987263458254
2020-01-09 04:55:21.689000+00:00,-27.613914,2020-01-09 04:55:21.689000+00:00,1,114.63565709726389,87.13407826340503,9.17617,227.57977,5.9090424,-21.426682,0.24762522,4.331583,7.145357,2020-01-09 04:55:21.689,-27.669400233333334,176.3122556566747,204.74403170251213,87.13137162183332,114.57948502555557,-28.431776045837438
2020-01-09 10:53:30.379000+00:00,-28.021698,2020-01-09 10:53:30.379000+00:00,1,114.30422437364274,87.14336505168424,8.6905365,606.5093,7.4697723,-20.551926,0.2665814,6.9809856,5.825717,2020-01-09 10:53:30.379,-28.47193461666667,148.00112628016151,199.4589118966166,87.14044776472221,114.25423903666668,-51.457785616455084
2020-01-09 16:57:08.717000+00:00,-28.06369,2020-01-09 16:57:08.717000+00:00,1,113.95537968058593,87.15302875799756,9.386475,985.69464,7.481552,-20.500793,0.23677096,6.706978,6.1098013,2020-01-09 16:57:08.717,-28.193432216666668,175.27663781748453,203.45465926035564,87.15026359691667,113.90132130166668,-28.178021442871113
2020-01-09 22:49:09.952000+00:00,-28.731209,2020-01-09 22:49:09.952000+00:00,1,113.6346310057034,87.1608824101966,8.8005905,795.85706,7.7955627,-20.91655,0.24984753,5.0400248,8.224156,2020-01-09 22:49:09.952,-28.7350531,157.75260522237141,199.22247539815265,87.15794669008332,113.58075225583335,-41.46987017578124
2020-01-10 05:00:33.247000+00:00,-28.489029,2020-01-10 05:00:33.247000+00:00,1,113.21018824458348,87.16634105733002,8.342209,634.17554,6.5807953,-21.911728,0.23745471,8.544213,8.271188,2020-01-10 05:00:33.247,-28.810297116666668,144.7970982990901,197.69713379561105,87.16344059322222,113.1590540878611,-52.90003549652096
2020-01-10 16:54:12.193000+00:00,-31.845139,2020-01-10 16:54:12.193000+00:00,1,112.38860585009925,87.1855538103741,10.056107,1022.7791,9.203232,-22.521759,0.23131233,5.1577115,7.625769,2020-01-10 16:54:12.193,-32.49499115,138.0931449193319,186.7056470433553,87.18252573416666,112.34222798750002,-48.61250212402339
2020-01-10 22:47:29.068000+00:00,-32.8487,2020-01-10 22:47:29.068000+00:00,1,111.99071789588854,87.19535529824718,10.994438,968.7564,9.983353,-22.950638,0.2341133,6.3006926,4.49115,2020-01-10 22:47:29.068,-32.94487505,146.13122245218912,186.86790336527505,87.19245304972223,111.93454013611111,-40.736680913085934
2020-01-11 04:54:23.116000+00:00,-32.854645,2020-01-11 04:54:23.116000+00:00,1,111.5349995359216,87.20703847341828,9.428757,387.07672,8.07634,-24.873993,0.23746431,6.6381364,5.6593785,2020-01-11 04:54:23.116,-33.141439033333334,147.6729215842565,186.41060867379505,87.20394697611113,111.48802596444446,-38.737687089538554
2020-01-11 10:53:41.216000+00:00,-30.956299,2020-01-11 10:53:41.216000+00:00,1,111.12123714862776,87.2217821396291,8.313187,987.5996,7.2604523,-23.695847,0.24759904,6.4972568,10.825214,2020-01-11 10:53:41.216,-31.595155783333333,142.54262737782796,189.15836529286702,87.21878176999999,111.07472127850001,-46.61573791503906
2020-01-11 16:50:49.907000+00:00,-30.64766,2020-01-11 16:50:49.907000+00:00,1,110.7680555632946,87.23743169158541,8.892044,666.85376,6.4157257,-24.304993,0.24362203,8.240038,9.435947,2020-01-11 16:50:49.907,-30.8256311,139.1282253761546,191.56960982622783,87.23450024833333,110.7189672775,-52.44138445007323
2020-01-11 23:02:29.849000+00:00,-31.032776,2020-01-11 23:02:29.849000+00:00,1,110.3728280074704,87.25315788090869,9.837204,531.02826,5.967987,-25.03569,0.26932988,7.3905754,8.211467,2020-01-11 23:02:29.849,-31.26144403333334,165.4896690546926,192.7028886793264,87.25015319166666,110.32392447222222,-27.21321962463381
2020-01-12 16:52:31.916000+00:00,-31.593124,2020-01-12 16:52:31.916000+00:00,1,109.02003110619388,87.28356199260732,9.940475,876.8461,8.7061615,-22.971207,0.2640203,7.3805494,3.522769,2020-01-12 16:52:31.916,-31.956694766666665,140.55660387955984,188.6703258317693,87.2804681375,108.97168205638889,-48.11372195220946
2020-01-12 22:44:04.026000+00:00,-30.332947,2020-01-12 22:44:04.026000+00:00,1,108.49144544238057,87.29561309945385,10.448502,600.2952,8.10347,-22.20987,0.27977416,8.383503,6.2291374,2020-01-12 22:44:04.026,-30.481144316666672,156.4503509851201,194.53783889069877,87.29250755277778,108.44500350777778,-38.087487905578655
2020-01-13 10:47:14.483000+00:00,-27.887627,2020-01-13 10:47:14.483000+00:00,1,107.16311146964924,87.33386741737347,7.9452133,916.1371,6.9250183,-21.002151,0.75715315,7.645496,8.869423,2020-01-13 10:47:14.483,-28.113119316666666,147.09376370698294,200.69418409058886,87.33120356250001,107.10481277933334,-53.60042038360592
2020-01-13 17:06:00.094000+00:00,-23.536781,2020-01-13 17:06:00.094000+00:00,1,106.54353929378229,87.35497601085792,6.1851273,973.7692,5.318527,-18.124878,0.46553868,8.761362,3.1621675,2020-01-13 17:06:00.094,-23.8765036,190.99880472882586,217.35331414349875,87.35219746777777,106.48663687666667,-26.35450941467289
2020-01-15 04:53:58.958000+00:00,-27.5764,2020-01-15 04:53:58.958000+00:00,1,103.86836398169483,87.45227607624558,6.109894,158.70645,5.7726593,-21.742218,0.31508717,7.997529,5.572219,2020-01-15 04:53:58.958,-28.108577066666662,158.63537664665222,201.1906332488251,87.44896662083332,103.82678023472222,-42.555256602172875
2020-01-16 22:52:10.383000+00:00,-23.323761,2020-01-16 22:52:10.383000+00:00,1,100.37075755033466,87.5573130292263,3.590866,565.5129,2.8997803,-20.38327,0.35312334,6.699416,5.1066036,2020-01-16 22:52:10.383,-23.283286666666662,203.363366009318,220.6011368076579,87.55372707166667,100.32932877638889,-17.23777079833988
2020-01-17 10:47:56.395000+00:00,-23.567368,2020-01-17 10:47:56.395000+00:00,1,99.30071025043925,87.50608152353628,2.505783,1021.3786,2.527008,-21.288681,0.30927736,6.0219655,3.2004733,2020-01-17 10:47:56.395,-24.033140533333334,179.73703191963196,215.92554438484188,87.50197454138889,99.25688065222224,-36.188512465209925
2020-01-19 22:45:11.623000+00:00,-27.798706,2020-01-19 22:45:11.623000+00:00,1,97.98472404180296,87.41946853124132,11.382629,793.2528,7.1618347,-20.636871,0.23837562,2.9000473,7.129033,2020-01-19 22:45:11.623,-28.197923316666664,181.65150929055534,202.22907682198843,87.41638787583334,97.94477710833333,-20.57756753143309
2020-01-20 04:52:34.313000+00:00,-28.368225,2020-01-20 04:52:34.313000+00:00,1,97.69544391952341,87.4353515752513,9.555695,959.5374,7.76651,-19.980515,0.2453,6.4123383,1.0379047,2020-01-20 04:52:34.313,-29.54793036666667,146.04001436962125,193.74388223125456,87.4319284725,97.66098895722222,-47.70386786163331
2020-01-21 10:56:36.518000+00:00,-29.004044,2020-01-21 10:56:36.518000+00:00,1,96.16136262264621,87.48909636519122,8.828293,909.6233,8.553696,-20.446136,0.25344113,7.3092937,2.605731,2020-01-21 10:56:36.518,-29.3853461,144.66647466055554,194.6636318337123,87.48556987138889,96.12043341699999,-49.99715717315675
2020-01-22 16:58:04.771000+00:00,-27.353577,2020-01-22 16:58:04.771000+00:00,1,94.69761571705409,87.46976138437115,6.7807617,400.6109,4.721466,-22.63211,0.35005638,3.2859964,3.1696835,2020-01-22 16:58:04.771,-27.492147983333336,174.34573919685363,203.48894763130187,87.46605466305554,94.66259669944445,-29.14320843444824
2020-01-23 04:56:21.106000+00:00,-29.748367,2020-01-23 04:56:21.106000+00:00,1,94.20345995984731,87.45106025041122,9.351044,556.08966,7.896408,-21.905579,0.32808727,5.125616,3.111991,2020-01-23 04:56:21.106,-30.431370983333334,151.9308250739161,192.41576060522715,87.44728032555555,94.16840309391667,-40.48493553131104
2020-01-23 10:53:19.103000+00:00,-30.768127,2020-01-23 10:53:19.103000+00:00,1,93.9818206781589,87.44260053075314,10.376053,776.51373,8.916748,-21.85138,0.32309496,5.152184,1.8231153,2020-01-23 10:53:19.103,-31.240760600000005,150.29550734054564,190.69224958053587,87.43893790805556,93.95073436916667,-40.39674223999023
2020-01-23 17:05:57.682000+00:00,-30.10807,2020-01-23 17:05:57.682000+00:00,1,93.75142448947102,87.43387426852688,10.261925,717.97595,8.974747,-21.131485,0.33045706,4.659183,2.4651399,2020-01-23 17:05:57.682,-31.233244049999996,154.33160138393401,190.60665246456148,87.43016280583335,93.71528230583333,-36.27505108062746
2020-01-23 22:51:23.227000+00:00,-29.162354,2020-01-23 22:51:23.227000+00:00,1,93.48043612861399,87.42884293362734,10.35437,824.2251,8.309418,-20.852936,0.31646883,4.9990926,-0.031405926,2020-01-23 22:51:23.227,-29.943192083333333,172.0291399955368,195.49220066478728,87.42517095194444,93.44983824055556,-23.463060669250467
2020-01-24 10:58:22.527000+00:00,-30.998932,2020-01-24 10:58:22.527000+00:00,1,93.11284624832665,87.42116713435743,11.375717,510.57944,9.156311,-21.84262,0.3483241,2.4943233,3.7043972,2020-01-24 10:58:22.527,-31.76468545,167.4800639454778,188.51312569505055,87.41751955555556,93.08030759336111,-21.033061749572738
2020-01-24 16:55:38.397000+00:00,-30.064041,2020-01-24 16:55:38.397000+00:00,1,92.98959987154562,87.41527193447533,10.052765,424.56958,7.516983,-22.547058,0.33046588,4.6304407,0.87681866,2020-01-24 16:55:38.397,-30.146205583333334,180.54547369912467,195.9147299537023,87.41149637555556,92.9583090825,-15.369256254577635
2020-01-26 10:54:35.932000+00:00,-26.243912,2020-01-26 10:54:35.932000+00:00,1,93.67980064307596,87.41584075788407,6.9043884,513.9877,4.768631,-21.47528,0.25348297,5.6238813,4.731204,2020-01-26 10:54:35.932,-26.91370998333333,148.70963019783017,203.39992766548158,87.41229661027779,93.64786716944445,-54.69029746765142
2020-01-26 16:52:27.232000+00:00,-25.052872,2020-01-26 16:52:27.232000+00:00,1,94.27610293001821,87.42125151830629,5.5641327,613.12665,3.2080688,-21.844803,0.22861375,5.0995574,6.723964,2020-01-26 16:52:27.232,-25.65174783333334,156.7280158238093,208.9858396015803,87.41787916833334,94.24627801972221,-52.257823777770994
2020-01-26 22:56:59.490000+00:00,-22.795471,2020-01-26 22:56:59.490000+00:00,1,94.93673451930337,87.43154038714106,5.1120453,721.785,1.3195343,-21.475937,0.2588396,6.5318656,7.5798755,2020-01-26 22:56:59.490,-23.107842433333335,222.7727761712011,222.62277933617906,87.42836239916666,94.91139739972222,0.14999683502202288
2020-01-27 10:47:25.949000+00:00,-24.229721,2020-01-27 10:47:25.949000+00:00,1,95.77082189369654,87.44839075960883,1.0274353,1686.8175,0.25575256,-23.81343,0.2834916,2.4308608,9.8968315,2020-01-27 10:47:25.949,-24.65053973333334,210.94906936017355,218.98268309857684,87.4449570702778,95.73696478888888,-8.03361373840329
2020-01-27 16:53:33.396000+00:00,-32.917595,2020-01-27 16:53:33.396000+00:00,1,95.87208308650136,87.44792171460249,11.828896,1542.3167,10.719879,-22.198288,0.24182083,3.3044717,3.9707701,2020-01-27 16:53:33.396,-33.607714816666665,147.1180352971522,185.77484183798472,87.4445635727778,95.83619161416667,-38.65680654083252
2020-01-27 22:46:30.406000+00:00,-33.305267,2020-01-27 22:46:30.406000+00:00,1,95.91538593329345,87.44901691640352,10.720474,1558.1499,9.145706,-23.736832,0.26986396,3.0782301,6.6925783,2020-01-27 22:46:30.406,-36.60340215,131.85000342332205,172.52068887650807,87.44571748083334,95.87661117916666,-40.670685453186024
2020-01-28 10:49:41.822000+00:00,-33.310036,2020-01-28 10:49:41.822000+00:00,1,95.76557468815511,87.45503242646055,11.561317,640.59247,11.182053,-22.10524,0.25005743,2.1367903,3.119329,2020-01-28 10:49:41.822,-35.385992083333335,138.5947905092875,176.60418996607464,87.45159989888889,95.72784811861109,-38.00939945678715
2020-01-28 16:50:12.070000+00:00,-29.750214,2020-01-28 16:50:12.070000+00:00,1,95.6522906116695,87.46126843900304,10.616882,1424.0659,9.246231,-20.503983,0.29065233,6.012721,-1.735712,2020-01-28 16:50:12.070,-30.662014016666667,207.2639027100754,198.6717975761032,87.45790342472222,95.6155254686111,8.592105133972211
2020-01-29 04:52:04.123000+00:00,-23.657288,2020-01-29 04:52:04.123000+00:00,1,95.26424620564623,87.47094922931116,5.925995,825.328,2.5250092,-21.132278,0.32608366,5.7563457,-1.2291665,2020-01-29 04:52:04.123,-24.010336333333335,216.14651474220278,219.55799470497132,87.46744641277778,95.22896620888889,-3.4114799627685386
2020-01-29 16:52:44.317000+00:00,-21.320282,2020-01-29 16:52:44.317000+00:00,1,95.29477491751655,87.47319929337279,6.161316,1071.6921,4.791107,-16.529175,0.35639936,3.5431056,8.602322,2020-01-29 16:52:44.317,-22.010212033333335,209.3708008411026,225.10559977024076,87.46976436972224,95.26166016805556,-15.734798929138151
2020-01-30 04:51:44.257000+00:00,-13.702759,2020-01-30 04:51:44.257000+00:00,1,96.14524451660581,87.47956363425611,3.3438416,303.06943,-0.19293213,-14.076965,0.3498797,5.7686157,8.905297,2020-01-30 04:51:44.257,-14.001248866666668,258.9358763512421,255.58104297050477,87.47605524444444,96.11253410058335,3.3548333807373183
2020-01-30 10:48:23.402000+00:00,-20.739037,2020-01-30 10:48:23.402000+00:00,1,96.52827197720951,87.46098215065552,1.0022049,1957.4633,-1.2938385,-21.862091,0.2367135,7.9980226,5.4598985,2020-01-30 10:48:23.402,-21.32929485,207.2996897620646,227.62659630747476,87.45704796444446,96.49537328222223,-20.326906545410168
2020-01-30 17:02:00.167000+00:00,-32.247612,2020-01-30 17:02:00.167000+00:00,1,96.50766633261385,87.43736304892516,10.284584,1528.3871,8.399673,-23.78093,0.21277772,5.486382,6.2163815,2020-01-30 17:02:00.167,-32.61150923333334,126.86737116447448,184.333394585495,87.43369052222222,96.47193450055555,-57.46602342102052
2020-01-30 22:48:13.494000+00:00,-34.85739,2020-01-30 22:48:13.494000+00:00,1,96.46932148242772,87.42878777631951,11.888412,1329.9626,11.493439,-23.380371,0.2988376,1.5065167,8.095349,2020-01-30 22:48:13.494,-36.0860705,129.49344668956755,171.4536617777634,87.42528119944446,96.43339770638889,-41.96021508819584
2020-01-31 04:52:33.869000+00:00,-31.49675,2020-01-31 04:52:33.869000+00:00,1,96.49123828191955,87.43380775274218,9.79985,1130.7241,9.4361725,-22.060577,0.32218537,4.164407,9.782962,2020-01-31 04:52:33.869,-32.528543400000004,197.7901817266337,192.60650509455363,87.43037539194445,96.45788329333334,5.183676632080079
2020-01-31 10:53:36.463000+00:00,-25.508911,2020-01-31 10:53:36.463000+00:00,1,96.37631597565804,87.4579403327821,9.154602,735.01636,8.1883545,-17.320557,0.32963625,9.331729,1.9520445,2020-01-31 10:53:36.463,-26.090973483333336,193.92335440437316,210.29537555366514,87.45456442333334,96.34098175416666,-16.37202114929198
2020-01-31 16:52:50.070000+00:00,-14.166687,2020-01-31 16:52:50.070000+00:00,1,96.2888316033036,87.4842129437941,1.1156616,653.4232,-0.6402283,-14.808533,0.31563267,5.6050043,11.668511,2020-01-31 16:52:50.070,-15.208119466666668,249.49187610229495,249.18366885864262,87.48086140555554,96.25623392111109,0.3082072436523333
2020-02-01 05:14:51.047000+00:00,-27.203712,2020-02-01 05:14:51.047000+00:00,2,96.2352292660002,87.46695598499761,6.5576096,1228.7416,5.42511,-22.02835,0.24327725,14.643391,-2.8500671,2020-02-01 05:14:51.047,-27.67693066666667,197.17816154702504,206.73870096810657,87.46327157555555,96.19956317055555,-9.560539421081529
2020-02-01 17:01:55.109000+00:00,-37.630264,2020-02-01 17:01:55.109000+00:00,2,95.84872114979169,87.36446409811958,9.965515,2227.1824,8.247482,-29.371948,0.23547113,6.958025,6.3101587,2020-02-01 17:01:55.109,-37.75907285,123.22839794373192,169.81142753372828,87.3604864438889,95.82202606944445,-46.58302958999636
2020-02-01 22:48:13.673000+00:00,-37.571114,2020-02-01 22:48:13.673000+00:00,2,95.72312904889253,87.33974988992534,10.093758,2037.3179,7.686157,-29.868301,0.29545262,4.016634,1.0732222,2020-02-01 22:48:13.673,-38.7322784,130.268954275678,166.17869190659843,87.33610807638888,95.6917737888889,-35.90973763092043
2020-02-02 10:55:10.777000+00:00,-32.295334,2020-02-02 10:55:10.777000+00:00,2,94.85291687723655,87.35008840786722,9.135941,1973.894,5.1883545,-27.10698,0.22372878,7.1373243,-5.5996,2020-02-02 10:55:10.777,-33.42465081666667,126.04827621325174,181.61905694506325,87.34679111444444,94.80346560277778,-55.57078073181151
2020-02-02 16:51:47.437000+00:00,-34.0347,2020-02-02 16:51:47.437000+00:00,2,94.30580976587895,87.35836971281918,13.974274,1623.2848,10.381638,-23.129425,0.24446194,5.837026,-3.7951512,2020-02-02 16:51:47.437,-34.6161383,132.80686173071544,178.3287922766749,87.35485988055555,94.27391748805556,-45.521930545959464
2020-02-03 04:51:28.931000+00:00,-25.551918,2020-02-03 04:51:28.931000+00:00,2,93.22410538343698,87.40367751313165,11.489082,466.2716,7.962631,-17.885605,0.32842365,6.05959,5.8534694,2020-02-03 04:51:28.931,-27.076553733333334,206.96165320156098,208.62158386959078,87.40027357638888,93.19455050055556,-1.6599306680298014
2020-02-03 10:49:26.453000+00:00,-14.170166,2020-02-03 10:49:26.453000+00:00,2,93.38312804286345,87.42014125692025,0.5782776,6.416584,-5.1791534,-18.771042,0.35166147,5.4436297,3.2640338,2020-02-03 10:49:26.453,-15.179576616666669,237.92697396914164,247.75597239748635,87.41681783333334,93.36319307583334,-9.828998428344704
2020-02-03 22:48:42.708000+00:00,-19.939125,2020-02-03 22:48:42.708000+00:00,2,94.43059984422571,87.448909701684,4.3294754,598.5919,1.2655792,-18.65007,0.27901974,5.9503975,9.136968,2020-02-03 22:48:42.708,-20.42564698333333,224.74702418392184,231.7859105160141,87.44557714472222,94.4130603577778,-7.038886332092261
2020-02-04 04:52:51.318000+00:00,-23.284271,2020-02-04 04:52:51.318000+00:00,2,95.00120856811793,87.46594718698861,7.7493896,969.2598,6.1903687,-17.093903,0.17128967,6.1711664,9.352663,2020-02-04 04:52:51.318,-24.465966983333335,145.2653828114954,209.53730877371473,87.46242567277777,94.97293471944445,-64.27192596221931
2020-02-04 10:54:23.489000+00:00,-26.114967,2020-02-04 10:54:23.489000+00:00,2,95.31114504275,87.47799860291694,9.218575,459.55548,8.256485,-17.932266,0.20023218,5.519946,5.3498917,2020-02-04 10:54:23.489,-28.53599058333333,141.87889737992603,195.72826199082692,87.47444292222221,95.28135799222221,-53.84936461090089
2020-02-04 16:51:28.417000+00:00,-26.79802,2020-02-04 16:51:28.417000+00:00,2,95.34527133212494,87.49369305813448,9.695541,498.24982,8.904816,-17.893204,0.21965657,5.9874997,3.133573,2020-02-04 16:51:28.417,-29.462627549999997,145.7956238050588,192.9969271064504,87.49022873194446,95.31652538388889,-47.20130330139162
2020-02-05 04:54:28.083000+00:00,-25.27626,2020-02-05 04:54:28.083000+00:00,2,95.13980716657007,87.52699495258351,8.238022,828.7363,6.2375946,-18.497452,0.16842866,5.00686,8.67258,2020-02-05 04:54:28.083,-26.578985466666673,184.35806945191703,207.80835326325732,87.52340773833332,95.10959660524999,-23.450283811340285
2020-02-06 22:51:41.916000+00:00,-22.706268,2020-02-06 22:51:41.916000+00:00,2,93.78913673393471,87.62819807598224,2.334015,2107.1584,1.4087219,-21.297546,0.65669113,5.569453,-0.034733295,2020-02-06 22:51:41.916,-24.445214716666666,157.9629802549998,206.74160570360823,87.62468521222222,93.75436201722222,-48.77862544860844
2020-02-07 04:50:16.619000+00:00,-26.163025,2020-02-07 04:50:16.619000+00:00,2,93.74763418371192,87.63501313581311,5.9241943,1660.3655,4.151016,-22.10669,0.27609268,4.366673,3.816671,2020-02-07 04:50:16.619,-29.044392233333333,153.2999453812281,193.25621911322273,87.63148032388888,93.71632948805555,-39.95627373199463
2020-02-09 23:04:49.339000+00:00,-26.925652,2020-02-09 23:04:49.339000+00:00,2,92.35712002351694,87.76165009053682,6.3297806,1479.7882,5.061981,-21.89598,0.222975,5.5098763,9.224768,2020-02-09 23:04:49.339,-28.00118571666667,173.56235699612938,201.44245449796043,87.75806494472222,92.32406461861112,-27.880097501831045
2020-02-10 22:53:56.370000+00:00,-29.95562,2020-02-10 22:53:56.370000+00:00,2,90.96979746329632,87.8075547283263,11.203285,819.6168,10.129181,-19.963104,0.12287338,6.9349566,4.400961,2020-02-10 22:53:56.370,-31.061343366666666,134.2657551809947,189.8510236899058,87.80391984222223,90.93734933861111,-55.5852685089111
2020-02-11 04:48:07.933000+00:00,-31.532242,2020-02-11 04:48:07.933000+00:00,2,90.50498523943835,87.81672789699815,9.641495,1112.0858,9.234253,-22.390411,0.15925491,6.5625277,11.690829,2020-02-11 04:48:07.933,-31.960279250000003,136.23036880523682,187.68997042633055,87.81319250777776,90.46523713916667,-51.459601621093725
2020-02-11 10:47:47.038000+00:00,-30.2471,2020-02-11 10:47:47.038000+00:00,2,89.92279322607986,87.8229125679904,9.341187,369.53528,7.2624664,-23.132812,0.19584535,8.583849,5.3564262,2020-02-11 10:47:47.038,-31.021074133333336,132.4269518355306,189.70733737508138,87.81942013416668,89.88109747166666,-57.28038553955079
2020-02-12 04:50:36.787000+00:00,-31.934586,2020-02-12 04:50:36.787000+00:00,2,88.17011809036741,87.85744279159545,7.8795166,968.05994,6.7080383,-25.226547,0.13641988,4.919398,14.393637,2020-02-12 04:50:36.787,-32.49714349999999,126.86055605780282,185.45693033911388,87.85394124527778,88.13617173419445,-58.59637428131106
2020-02-12 10:56:24.017000+00:00,-31.778214,2020-02-12 10:56:24.017000+00:00,2,87.55120552180476,87.87681414724847,11.524139,952.52454,10.372864,-21.40535,0.17087643,9.893962,8.245561,2020-02-12 10:56:24.017,-32.120484100000006,134.06458240384418,187.60705450040183,87.87368214888889,87.50954012416666,-53.542472096557646
2020-02-12 22:46:21.568000+00:00,-28.301048,2020-02-12 22:46:21.568000+00:00,2,86.20334474207566,87.92254600331808,10.514839,946.4108,9.47052,-18.928894,0.24055454,9.0855465,13.152668,2020-02-12 22:46:21.568,-29.02551295,153.36819473241172,198.49097889378862,87.9194811763889,86.1549979481111,-45.1227841613769
2020-02-13 04:51:13.712000+00:00,-28.279846,2020-02-13 04:51:13.712000+00:00,2,85.31476356715528,87.94431572778372,9.998001,1247.0867,9.810425,-18.28865,0.29994062,7.486582,16.440363,2020-02-13 04:51:13.712,-28.742419383333335,162.0836704735692,200.47579351159413,87.94089414694444,85.28042159694444,-38.39212303802492
2020-02-13 22:45:08.350000+00:00,-24.911026,2020-02-13 22:45:08.350000+00:00,2,81.89140349698066,87.9947130474896,10.60408,1706.7655,10.089676,-14.975983,0.3898766,6.459057,8.307389,2020-02-13 22:45:08.350,-25.24370385,204.9746369567108,214.09019315849304,87.99154811055556,81.84252809416667,-9.115556201782226
2020-02-14 04:52:27.323000+00:00,-20.973602,2020-02-14 04:52:27.323000+00:00,2,80.99422071192042,88.0115685811649,10.04422,884.66907,9.272842,-11.564636,0.38067934,7.548073,4.763629,2020-02-14 04:52:27.323,-21.56035313333333,202.62210937510173,224.3093957715861,88.0079271152611,80.97195752305555,-21.68728639648438
2020-02-14 16:50:50.650000+00:00,-25.80017,2020-02-14 16:50:50.650000+00:00,2,80.1263460246477,88.04454251738979,11.201447,1549.8394,10.673538,-15.0466,0.2651641,3.1418734,11.111354,2020-02-14 16:50:50.650,-27.225435599999997,151.92189999434157,198.63138264662425,88.04096774997222,80.11111361841668,-46.709482652282674
2020-02-14 22:42:29.193000+00:00,-31.95578,2020-02-14 22:42:29.193000+00:00,2,80.03880756731378,88.05881398791107,16.932709,1403.4277,15.924835,-15.914368,0.20601013,3.4858487,6.5466413,2020-02-14 22:42:29.193,-35.267822733333325,135.1152009431966,180.51958623616534,88.05516792902776,80.02121150933334,-45.404385292968726
2020-02-15 04:50:30.910000+00:00,-34.929245,2020-02-15 04:50:30.910000+00:00,2,79.92909496556553,88.06902757420981,18.643814,1613.1722,17.936447,-16.992798,0.21833132,5.701191,-1.4377036,2020-02-15 04:50:30.910,-36.817263583333336,130.56034570925394,172.87930576357525,88.06530215891667,79.91000926083333,-42.31896005432131
2020-02-15 16:51:26.417000+00:00,-35.10029,2020-02-15 16:51:26.417000+00:00,2,79.76090888406327,88.06817240169178,12.314049,2095.6423,10.779816,-24.389618,0.23652297,4.725684,1.5073814,2020-02-15 16:51:26.417,-38.72135706666667,126.04976670279186,168.0053834364955,88.06440848080555,79.74305168972221,-41.955616733703636
2020-02-16 10:48:59.941000+00:00,-26.29776,2020-02-16 10:48:59.941000+00:00,2,79.75093284418735,88.06717012233743,4.613678,722.99115,3.7234344,-22.589966,0.2419808,2.1039546,12.999545,2020-02-16 10:48:59.941,-26.522147433333334,209.56672206026715,209.31147355257673,88.06338186266667,79.733979195,0.25524850769042473
2020-02-16 16:59:03.773000+00:00,-26.602371,2020-02-16 16:59:03.773000+00:00,2,79.71168222015375,88.06661396370266,5.1100464,685.90326,3.8036346,-22.798737,0.28419137,3.979395,5.3418055,2020-02-16 16:59:03.773,-27.59167645,169.90511517283124,201.94587606150307,88.06285197008332,79.69510393944445,-32.04076088867183
2020-02-16 22:43:34.370000+00:00,-27.56195,2020-02-16 22:43:34.370000+00:00,2,79.62757226352862,88.06934904385733,6.222931,579.74927,5.231018,-22.340195,0.27318576,6.1423397,1.4321003,2020-02-16 22:43:34.370,-29.01256641666667,140.19026867258708,194.95428654856363,88.06559984972222,79.60979281472223,-54.76401787597655
2020-02-17 04:50:23.262000+00:00,-29.157227,2020-02-17 04:50:23.262000+00:00,2,79.34110469822048,88.07134389664024,8.801834,788.746,7.791733,-21.809845,0.26075062,5.0290194,2.184142,2020-02-17 04:50:23.262,-30.228131466666667,136.6903657794571,191.97342211826327,88.06763419291666,79.32237555083333,-55.283056338806176
2020-02-17 10:57:39.423000+00:00,-33.17137,2020-02-17 10:57:39.423000+00:00,2,78.92872424260167,88.073609346255,12.0529785,913.43585,11.95137,-21.209763,0.2511877,6.9926157,2.1882582,2020-02-17 10:57:39.423,-33.87562043333333,139.2688872610855,183.399536456337,88.06991708005555,78.90473912416667,-44.13064919525149
2020-02-17 16:56:44.962000+00:00,-30.596619,2020-02-17 16:56:44.962000+00:00,2,78.46657558100479,88.07548695140527,11.477768,1134.4376,11.625092,-19.11885,0.27604103,5.4207444,3.0662389,2020-02-17 16:56:44.962,-30.598112266666668,191.80696075878146,197.0968457639694,88.07180299119446,78.44311286583334,-5.289885005187955
2020-02-17 22:48:43.844000+00:00,-29.75277,2020-02-17 22:48:43.844000+00:00,2,78.11309141526257,88.07956606710285,11.148094,861.2151,9.206665,-20.576141,0.24606334,4.9479747,0.726387,2020-02-17 22:48:43.844,-30.238401966666665,150.93686273272198,190.81526283220927,88.07591652694444,78.09390030913889,-39.878400099487294
2020-02-18 04:53:37.252000+00:00,-29.617859,2020-02-18 04:53:37.252000+00:00,2,77.81367025541151,88.08742542627914,12.962219,457.75305,8.746826,-20.538666,0.25545996,6.7799497,0.41050768,2020-02-18 04:53:37.252,-30.008967616666666,155.50424294652302,194.04943741551716,88.08367413841667,77.79864207805555,-38.54519446899414
2020-02-18 10:49:46.730000+00:00,-21.829124,2020-02-18 10:49:46.730000+00:00,2,77.20001335169187,88.1074817772673,8.054588,670.56696,5.714691,-16.000122,0.27109286,5.940962,5.4388266,2020-02-18 10:49:46.730,-22.411481116666668,203.5441630965551,221.77634985040027,88.10418887558335,77.17655756022222,-18.232186753845156
2020-02-18 16:52:37.839000+00:00,-15.283142,2020-02-18 16:52:37.839000+00:00,2,76.45380178107486,88.1371169700204,1.7853394,415.85037,-1.1235046,-16.406647,0.3935479,8.007223,7.1209984,2020-02-18 16:52:37.839,-15.4942594,234.7502009925842,246.94205978775025,88.13358431938889,76.43826536166667,-12.191858795166041
2020-02-19 04:49:29.491000+00:00,-12.844086,2020-02-19 04:49:29.491000+00:00,2,74.59998305316107,88.20984388932378,0.5414734,704.8488,-1.8840637,-14.728149,0.45307064,10.569897,15.007605,2020-02-19 04:49:29.491,-12.904795149999998,256.88672432403564,259.51457975616455,88.20655472583334,74.59877922083334,-2.6278554321289107
2020-02-19 22:44:46.763000+00:00,-12.676941,2020-02-19 22:44:46.763000+00:00,2,70.84229400570769,88.32759457177555,2.4501343,958.4407,2.165924,-10.511017,0.3747901,11.773481,5.3391094,2020-02-19 22:44:46.763,-12.682175299999999,259.0991486973317,260.7116762614187,88.32366137805556,70.86329038944446,-1.6125275640869745
2020-02-20 16:56:43.714000+00:00,-11.968872,2020-02-20 16:56:43.714000+00:00,2,68.21884426802862,88.41796540827768,0.13665771,13.13402,-0.6012573,-12.570129,0.31326517,5.3096747,13.357262,2020-02-20 16:56:43.714,-13.123122866666668,252.16248917730962,259.0780865518824,88.41496953305557,68.2210125163889,-6.915597374572769
2020-02-21 10:51:07.532000+00:00,-18.939713,2020-02-21 10:51:07.532000+00:00,2,66.51524493001645,88.49875294172473,0.0050354004,0.20051987,-5.9405975,-24.875275,0.20515907,6.52829,9.199243,2020-02-21 10:51:07.532,-19.750959400000006,181.15872929438274,229.99941229365032,88.49532666027778,66.52406705972221,-48.840682999267585
2020-02-21 17:06:35.093000+00:00,-20.016525,2020-02-21 17:06:35.093000+00:00,2,66.06164869555118,88.52619573719394,0.5657501,384.6743,-2.3001862,-22.316711,0.23217244,9.247584,7.275569,2020-02-21 17:06:35.093,-20.608127983333336,208.8564156729889,229.8261714048004,88.52312253194445,66.06467371727778,-20.96975573181149
2020-02-21 22:43:32.350000+00:00,-18.530815,2020-02-21 22:43:32.350000+00:00,2,65.61227999647976,88.55109015681785,0.21013641,2.2057185,-2.2168427,-20.537521,0.2677013,10.695411,9.317246,2020-02-21 22:43:32.350,-19.5926822,194.23688422238666,231.74739599423725,88.54736686750002,65.62557490611111,-37.51051177185059
2020-02-22 04:50:04.551000+00:00,-19.34748,2020-02-22 04:50:04.551000+00:00,2,65.10024534331605,88.56806051324885,0.8278122,1185.4546,0.28178406,-19.128372,0.251805,6.3745775,9.168576,2020-02-22 04:50:04.551,-20.23876573333333,204.38448768132528,229.4470506268819,88.5644284425,65.11458704816667,-25.062562945556607
2020-02-22 10:53:21.708000+00:00,-19.289574,2020-02-22 10:53:21.708000+00:00,2,64.61339622479076,88.57685560215819,0.15839386,13.5350685,-0.9152374,-20.30307,0.24306414,5.3930025,6.8295803,2020-02-22 10:53:21.708,-20.669719983333334,177.74105903004963,223.04697232838947,88.57310248861111,64.63234142222221,-45.305913298339846
2020-02-22 16:54:26.013000+00:00,-19.22754,2020-02-22 16:54:26.013000+00:00,2,64.22363157430597,88.5775601099143,2.3349,154.09587,-1.8953857,-21.122925,0.24988447,5.8949823,5.784972,2020-02-22 16:54:26.013,-19.909831599999997,232.45572552597045,231.43696160140993,88.57382943416667,64.24319426833335,1.018763924560517
2020-02-23 04:48:28.256000+00:00,-15.831512,2020-02-23 04:48:28.256000+00:00,2,62.49379302246038,88.58066190849513,2.0939026,523.9157,-1.2895813,-17.652924,0.24371336,5.413463,8.384932,2020-02-23 04:48:28.256,-16.598296483333336,244.344857640597,245.27906541433967,88.57707170083333,62.50251608722222,-0.9342077737426564
2020-02-24 10:59:21.751000+00:00,-22.977028,2020-02-24 10:59:21.751000+00:00,2,54.79588932293762,88.58973259193073,6.396858,825.2336,6.1879272,-17.069275,0.43188006,10.551296,10.199245,2020-02-24 10:59:21.751,-23.79121845,218.5422607313029,220.07658585093182,88.58607439944446,54.800202197500006,-1.5343251196289316
2020-02-25 10:53:20.106000+00:00,-22.322792,2020-02-25 10:53:20.106000+00:00,2,46.12367378498662,88.5632092303042,6.979927,345.27667,3.6188965,-18.61528,0.29078975,11.284424,6.930975,2020-02-25 10:53:20.106,-22.618362166666667,181.95013346422832,221.64991391527815,88.55976660083331,46.1806435485,-39.69978045104983
2020-02-25 16:51:36.069000+00:00,-24.137451,2020-02-25 16:51:36.069000+00:00,2,44.3850075039012,88.54954144391887,6.794998,570.0273,4.5905,-19.546951,0.22431162,12.269664,9.219295,2020-02-25 16:51:36.069,-24.241376483333333,147.2206759249878,213.40049820037842,88.54610865027777,44.442515515000004,-66.17982227539062
2020-02-25 23:10:21.975000+00:00,-25.237976,2020-02-25 23:10:21.975000+00:00,2,42.766054276851946,88.53003215459334,7.010437,333.74796,4.8171387,-20.227722,0.23707493,8.15213,10.973351,2020-02-25 23:10:21.975,-25.669988183333334,143.92843147254945,208.46744337623596,88.52645993888889,42.816419776111104,-64.53901190368651
2020-02-26 04:51:43.162000+00:00,-26.138733,2020-02-26 04:51:43.162000+00:00,2,41.455202519126686,88.51217636619866,7.428467,490.33374,5.9560547,-20.156815,0.22214827,10.039943,5.7148895,2020-02-26 04:51:43.162,-26.322919033333335,146.27737011823018,205.81529226971944,88.50877676444443,41.51562365444444,-59.537922151489255
2020-02-26 16:49:32.343000+00:00,-29.049454,2020-02-26 16:49:32.343000+00:00,2,39.222763654438204,88.47302480081856,8.806351,890.78546,8.317902,-20.591187,0.2744851,8.542025,4.6152344,2020-02-26 16:49:32.343,-29.541034249999996,145.78110835175835,196.76303512696586,88.46954486805555,39.2854469375,-50.98192677520751
2020-02-26 22:46:31.041000+00:00,-28.76616,2020-02-26 22:46:31.041000+00:00,2,38.35135177962742,88.45327997405856,8.1501465,804.4845,7.438919,-21.121246,0.2793128,7.021337,2.9153504,2020-02-26 22:46:31.041,-29.148121766666673,150.55981172667185,197.03258426054637,88.44963310027778,38.40498789111111,-46.47277253387452
2020-02-27 04:53:42.018000+00:00,-29.799568,2020-02-27 04:53:42.018000+00:00,2,37.53798221490718,88.43322744132207,8.361275,619.54614,8.00853,-21.848236,0.30544576,4.430644,3.25945,2020-02-27 04:53:42.018,-30.06740978333334,148.0260718092219,194.58902576765695,88.4299640161111,37.61389221361111,-46.56295395843506
2020-02-27 11:19:25.507000+00:00,-31.238968,2020-02-27 11:19:25.507000+00:00,2,36.7715677864061,88.41260706842831,8.789886,698.53455,8.186523,-22.803497,0.26087317,6.2390423,1.2381077,2020-02-27 11:19:25.507,-32.111913183333336,145.8500876369858,189.00847678157805,88.40925525444443,36.83600146249999,-43.15838914459226
2020-02-27 16:52:28.653000+00:00,-32.0085,2020-02-27 16:52:28.653000+00:00,2,36.03928661921794,88.39663500096005,8.899124,1316.2413,8.855698,-23.4272,0.30328867,6.2117686,0.0925889,2020-02-27 16:52:28.653,-32.47281998333333,137.42821589294434,186.760649821167,88.3934212277778,36.11169301697222,-49.332433928222656
2020-02-27 22:51:43.400000+00:00,-33.840866,2020-02-27 22:51:43.400000+00:00,2,35.26862599786016,88.37930482120461,8.864624,1386.2932,8.584656,-25.25621,0.29403076,8.365398,0.7220192,2020-02-27 22:51:43.400,-33.9714532,132.0050405795924,182.33779936773936,88.37608600861111,35.33815174305555,-50.332758788146975
2020-02-28 05:11:34.696000+00:00,-35.732635,2020-02-28 05:11:34.696000+00:00,2,34.514851495811214,88.361811745252,10.494156,1276.3539,10.457428,-25.310013,0.28147438,5.230265,2.4092383,2020-02-28 05:11:34.696,-35.89693403333333,124.83804465407054,176.42985953047432,88.35861632694443,34.586052209722226,-51.591814876403774
2020-02-28 10:48:00.337000+00:00,-35.47101,2020-02-28 10:48:00.337000+00:00,2,33.956314934414635,88.34572699300818,10.272308,1336.2847,10.106384,-25.510681,0.4340049,7.1365423,0.852674,2020-02-28 10:48:00.337,-36.001963866666664,123.61959434329349,175.18641933429083,88.34232363388888,34.02270952094167,-51.56682499099735
2020-02-28 16:53:15.170000+00:00,-36.04812,2020-02-28 16:53:15.170000+00:00,2,33.40763411498953,88.32935203815299,10.4806595,972.07184,10.0327,-25.872757,0.2873445,6.286191,1.2997794,2020-02-28 16:53:15.170,-36.76599471666667,121.87746054192863,172.79270138757065,88.32624176777779,33.48364057138888,-50.91524084564202
2020-02-28 22:39:21.945000+00:00,-36.007385,2020-02-28 22:39:21.945000+00:00,2,32.919800438745675,88.31278629028017,10.238663,1256.0088,10.228027,-25.779358,0.2687839,7.589245,-1.2949152,2020-02-28 22:39:21.945,-36.537720316666665,123.1447840925598,173.2552770381165,88.30943854416667,32.988629700555556,-50.1104929455567
2020-02-29 22:42:21.231000+00:00,-36.960815,2020-02-29 22:42:21.231000+00:00,2,31.512236169687274,88.24817383567085,11.004501,961.4471,9.853897,-26.934433,0.28749752,4.1920896,-1.439256,2020-02-29 22:42:21.231,-38.435269749999996,124.0737717941475,167.03760343767166,88.2450468761111,31.584805807500004,-42.96383164352416
2020-03-01 04:50:30.744000+00:00,-36.96495,2020-03-01 04:50:30.744000+00:00,3,31.410230546143826,88.23355702625648,10.349335,938.99554,9.509018,-27.455933,0.31587222,3.437402,-3.0315163,2020-03-01 04:50:30.744,-37.79957186666667,126.74185246434529,168.79989802464803,88.2303287813889,31.48439608361111,-42.058045560302745
2020-03-01 10:55:24.641000+00:00,-35.88919,2020-03-01 10:55:24.641000+00:00,3,31.394899041723136,88.22344709616868,8.900833,507.7755,8.071579,-27.904099,0.30256867,2.9028037,1.1959188,2020-03-01 10:55:24.641,-38.31275601666666,131.06067423997243,166.00290893143975,88.220142215,31.467383043611115,-34.94223469146732
2020-03-01 16:49:00.395000+00:00,-34.3376,2020-03-01 16:49:00.395000+00:00,3,31.37076085738025,88.21490628681927,6.7856293,960.3444,6.2784424,-28.17694,0.31393382,4.0359726,-0.8108778,2020-03-01 16:49:00.395,-37.98353661666666,126.29737618017832,164.25594045904796,88.21176110777779,31.439332964166663,-37.958564278869645
2020-03-01 22:42:14.813000+00:00,-36.30774,2020-03-01 22:42:14.813000+00:00,3,31.351083520826677,88.2080137493845,8.55249,783.2337,8.878708,-28.4003,0.30466932,3.204546,-2.9368782,2020-03-01 22:42:14.813,-38.17678005,128.6156592159907,165.8359155682246,88.20484077166667,31.420929756666663,-37.22025635223392
2020-03-02 04:50:26.349000+00:00,-37.4588,2020-03-02 04:50:26.349000+00:00,3,31.218834119972303,88.1992364982098,9.563507,809.2947,9.064331,-28.39447,0.2863319,3.8740482,-1.413486,2020-03-02 04:50:26.349,-37.88869831666666,134.93590913140616,168.87607420068105,88.19599545055556,31.288535193611114,-33.94016506927488
2020-03-02 10:57:52.113000+00:00,-35.93988,2020-03-02 10:57:52.113000+00:00,3,31.08689775238763,88.18827732159069,7.115753,765.4919,5.844452,-29.47699,0.26538983,4.79455,-0.025660515,2020-03-02 10:57:52.113,-38.18161241666666,127.90663938975015,167.08890106211348,88.18500636305556,31.151933321138888,-39.182261672363325
2020-03-02 16:53:18.965000+00:00,-35.317703,2020-03-02 16:53:18.965000+00:00,3,30.894565482953364,88.17587388062886,6.015442,1096.3529,5.913925,-29.403778,0.2948683,2.9091837,1.027864,2020-03-02 16:53:18.965,-37.44214723333333,138.07291870625812,169.69726196797689,88.17272857555555,30.961942304722225,-31.624343261718764
2020-03-02 22:38:25.120000+00:00,-34.366516,2020-03-02 22:38:25.120000+00:00,3,30.76386475964416,88.16283843929962,5.2722626,1101.9655,5.3933563,-29.374802,0.27919322,3.3549206,1.8256829,2020-03-02 22:38:25.120,-35.983007900000004,130.2273219190089,170.688420690066,88.15948137816665,30.829919792222217,-40.461098771057124
2020-03-03 10:50:49.890000+00:00,-35.291702,2020-03-03 10:50:49.890000+00:00,3,30.50813515019484,88.13610437905801,5.9285126,1122.812,6.8737183,-29.481995,0.2766722,3.0978086,1.639643,2020-03-03 10:50:49.890,-40.212835133333336,125.08010869824093,161.93015729977293,88.13283122291668,30.57437588166666,-36.850048601531995
2020-03-03 16:50:06.650000+00:00,-36.49082,2020-03-03 16:50:06.650000+00:00,3,30.417573476331267,88.1238276440281,7.18145,988.6085,7.628433,-29.533752,0.28646836,1.6432801,2.6978588,2020-03-03 16:50:06.650,-41.22607144999999,121.64744906385422,157.3409799508476,88.12042883144446,30.48247683388889,-35.693530886993386
2020-03-04 04:53:09.893000+00:00,-36.372032,2020-03-04 04:53:09.893000+00:00,3,30.37694049801729,88.10488209011251,7.744072,628.4664,6.8796234,-29.179718,0.23985265,2.735661,2.8960247,2020-03-04 04:53:09.893,-41.48178611666666,121.23056810550054,152.96526315509158,88.10162676313888,30.43773588222222,-31.73469504959104
2020-03-04 22:51:36.230000+00:00,-35.452705,2020-03-04 22:51:36.230000+00:00,3,30.724498296614364,88.09065482731201,8.787621,1372.862,9.180206,-26.701675,0.20305339,4.933632,1.8274174,2020-03-04 22:51:36.230,-38.37155878333333,121.87876277062733,165.44168588433587,88.08743067347223,30.78170305388889,-43.562923113708536
2020-03-05 04:54:30.243000+00:00,-36.600433,2020-03-05 04:54:30.243000+00:00,3,30.78856101056685,88.09059699128046,10.227203,861.6161,8.8736725,-27.72676,0.22673413,3.4537163,2.6533656,2020-03-05 04:54:30.243,-39.611779350000006,121.10286998769125,160.30530050771077,88.08735374475,30.84617991,-39.20243052001952
2020-03-05 10:49:19.456000+00:00,-36.981827,2020-03-05 10:49:19.456000+00:00,3,30.816097610089432,88.09306351455244,10.578491,850.0893,8.764862,-28.216965,0.22065341,3.7955759,1.9737151,2020-03-05 10:49:19.456,-40.04329143333334,120.0516654652532,161.46518715134937,88.08980822861112,30.873236974722225,-41.413521686096175
2020-03-05 16:54:39.844000+00:00,-35.263657,2020-03-05 16:54:39.844000+00:00,3,30.763887690897008,88.09582201874298,8.800476,615.3349,7.1581116,-28.105545,0.21130186,4.1956754,1.4722795,2020-03-05 16:54:39.844,-40.24867546666667,121.17232519630434,160.2241287162018,88.09260021266667,30.821445957222227,-39.05180351989745
2020-03-05 22:51:36.883000+00:00,-36.4777,2020-03-05 22:51:36.883000+00:00,3,30.620200482341485,88.09975645674437,9.562889,868.23145,8.326126,-28.11502,0.22444703,7.415629,0.80738115,2020-03-05 22:51:36.883,-38.442832683333336,120.96991397095996,165.3378091836675,88.09655077352778,30.67628851611111,-44.36789521270754
2020-03-06 04:54:02.900000+00:00,-31.508102,2020-03-06 04:54:02.900000+00:00,3,30.29534017347945,88.10102927154811,4.7587585,619.8457,3.4750366,-28.033066,0.2652268,7.498387,2.8900962,2020-03-06 04:54:02.900,-32.110037950000006,190.90462399670918,190.1379081257375,88.09783017841667,30.356930355277775,0.7667158709716659
2020-03-06 16:58:05.629000+00:00,-28.682373,2020-03-06 16:58:05.629000+00:00,3,28.890617838045788,88.09689636828075,4.6218414,690.9153,3.1080322,-25.57434,0.25292808,8.75754,6.375225,2020-03-06 16:58:05.629,-29.376373516666668,135.59453234786986,194.59593341598512,88.09366012394443,28.938392763888892,-59.00140106811526
2020-03-06 22:51:52.445000+00:00,-28.817535,2020-03-06 22:51:52.445000+00:00,3,28.176309914366605,88.08952883535396,3.7998505,793.7578,2.25766,-26.559875,0.24801023,8.714612,2.975751,2020-03-06 22:51:52.445,-29.339137599999997,136.82029937416078,193.59210243995668,88.08636866075001,28.23381281833333,-56.77180306579589
2020-03-07 10:54:00.822000+00:00,-28.501526,2020-03-07 10:54:00.822000+00:00,3,26.842991849040818,88.06960763501125,3.3522034,1091.6416,2.8234406,-25.678085,0.23986149,6.2393613,2.8812795,2020-03-07 10:54:00.822,-28.683095499999997,192.572236484286,201.8804118605677,88.06651855083335,26.909465438611115,-9.308175376281696
2020-03-07 16:55:37.352000+00:00,-26.795486,2020-03-07 16:55:37.352000+00:00,3,26.304377350184613,88.05804058016953,0.8644104,991.91565,-0.5943146,-27.389801,0.27572513,5.388039,-0.29079008,2020-03-07 16:55:37.352,-27.211128883333334,203.4199613487498,207.6071342265574,88.05470862241667,26.35885239888889,-4.187172877807598
2020-03-08 04:55:23.311000+00:00,-28.228958,2020-03-08 04:55:23.311000+00:00,3,25.417636702913274,88.03220212826716,3.015808,1571.4846,-1.2674713,-29.46701,0.20107666,4.071704,-2.3654866,2020-03-08 04:55:23.311,-28.369052416666666,172.1962370175171,199.86383355316164,88.02883334705555,25.474311002222223,-27.66759653564455
2020-03-08 10:48:59.599000+00:00,-33.67946,2020-03-08 10:48:59.599000+00:00,3,25.076231170827008,88.01694445098694,9.309662,1449.025,6.2540283,-27.42543,0.18237357,7.11101,-1.0907197,2020-03-08 10:48:59.599,-34.23837506666666,124.81277487117765,178.31200232387545,88.01366104794444,25.139546895166667,-53.499227452697795
2020-03-08 16:50:47.674000+00:00,-34.04106,2020-03-08 16:50:47.674000+00:00,3,24.779448346292877,87.99722850617124,9.589935,1582.6074,6.014221,-28.492767,0.1856617,3.371793,2.4001591,2020-03-08 16:50:47.674,-34.48355505,179.42333290050505,185.38780266155246,87.99406312111113,24.84453330694445,-5.964469761047411
2020-03-09 05:14:02.994000+00:00,-37.39572,2020-03-09 05:14:02.994000+00:00,3,24.17353952111946,87.93264265993626,11.55188,1359.5316,11.317886,-26.179428,0.38415965,9.618067,-0.94211197,2020-03-09 05:14:02.994,-37.256082316666664,171.27536120117188,176.93321194824222,87.92951984444446,24.240750027500003,-5.657850747070341
2020-03-09 10:54:30.655000+00:00,-37.076088,2020-03-09 10:54:30.655000+00:00,3,24.01904419263972,87.89636478736809,10.4194565,1374.0627,9.74501,-27.223648,0.2539702,7.7795534,4.7012787,2020-03-09 10:54:30.655,-37.20345166666667,160.34888447306315,176.0526450736491,87.89346873027779,24.084111809527776,-15.703760600585952
2020-03-09 16:53:10.689000+00:00,-37.601257,2020-03-09 16:53:10.689000+00:00,3,23.999909740362423,87.85811560780141,10.919815,1165.8059,10.564362,-27.036896,0.2687441,7.179266,4.1008654,2020-03-09 16:53:10.689,-37.76298308333334,155.58188555980684,174.1171336314011,87.85505461333334,24.066411568499998,-18.535248071594253
2020-03-09 22:55:36.491000+00:00,-37.636215,2020-03-09 22:55:36.491000+00:00,3,24.1135958619887,87.82028971322379,11.385925,1246.0831,11.16066,-26.475555,0.66875833,12.1996,-1.3555956,2020-03-09 22:55:36.491,-37.801109350000004,164.4423983579127,174.71740527105968,87.81637669666667,24.180442710277777,-10.275006913146967
2020-03-10 10:50:56.747000+00:00,-39.150314,2020-03-10 10:50:56.747000+00:00,3,24.622639743137306,87.74699669190525,12.754547,1112.6864,12.5673065,-26.481155,0.27694717,9.428183,0.21105766,2020-03-10 10:50:56.747,-39.1622579,165.2542396306864,171.24429513971967,87.74360029694444,24.68292221861111,-5.990055509033255
2020-03-10 16:54:01.991000+00:00,-38.065086,2020-03-10 16:54:01.991000+00:00,3,24.906176921514295,87.71355926854932,11.225853,1170.6154,9.74762,-28.34407,0.2544963,5.887048,0.7246733,2020-03-10 16:54:01.991,-38.2904829,127.12881400524141,169.71844316814423,87.71037469083333,24.965195845555556,-42.589629162902824
2020-03-11 04:55:31.349000+00:00,-34.458466,2020-03-11 04:55:31.349000+00:00,3,24.901614599232012,87.67908390376682,9.091629,1151.2721,8.877823,-25.580643,0.21526659,2.626221,4.4719887,2020-03-11 04:55:31.349,-38.33051026666667,128.9835077008311,162.92380091189065,87.67590967083333,24.951388627500002,-33.940293211059554
2020-03-12 23:14:39.317000+00:00,-28.675583,2020-03-12 23:14:39.317000+00:00,3,20.097265213699824,87.43340077108226,5.4338837,1300.298,4.8364105,-23.839172,0.32038736,14.385989,15.218198,2020-03-12 23:14:39.317,-28.51458695,172.37449285266877,202.39944740070345,87.4300601636111,20.150973292555555,-30.024954548034685
2020-03-16 16:49:06.055000+00:00,-27.047157,2020-03-16 16:49:06.055000+00:00,3,12.66290519418403,86.86594388508941,1.957344,1003.93317,1.8743134,-25.2986,0.26486278,7.487342,11.008193,2020-03-16 16:49:06.055,-27.255498066666668,182.9718268947601,207.8216879940033,86.86278432694444,12.707764341388888,-24.849861099243185
2020-03-17 10:50:14.159000+00:00,-28.746292,2020-03-17 10:50:14.159000+00:00,3,12.335380311721588,86.78503866843076,4.117218,878.0446,3.2801971,-25.466095,0.22880824,6.4784603,5.5106554,2020-03-17 10:50:14.159,-28.7080654,153.15659663461048,199.10638051369983,86.78207226777778,12.379356888055556,-45.94978387908935
2020-03-17 16:53:45.594000+00:00,-30.12593,2020-03-17 16:53:45.594000+00:00,3,12.202766816447292,86.7635096898661,4.8668213,739.4219,4.1078186,-26.018112,0.18503387,5.6031337,6.4988647,2020-03-17 16:53:45.594,-30.457112116666668,157.7954214084498,193.5275700891749,86.760822905,12.249009450277777,-35.73214868072509
2020-03-18 10:48:22.594000+00:00,-31.025726,2020-03-18 10:48:22.594000+00:00,3,12.131884161152556,86.69439690316244,6.3647156,733.0063,5.1161346,-25.909592,0.22448358,5.444546,2.879353,2020-03-18 10:48:22.594,-31.330434733333327,141.73019145502727,189.14617863398232,86.69133183972222,12.176683851111111,-47.41598717895505
2020-03-18 16:53:32.115000+00:00,-29.3777,2020-03-18 16:53:32.115000+00:00,3,12.116455699269999,86.67121405818368,7.4225616,1390.884,6.833725,-22.543976,0.27338675,7.7151356,5.585515,2020-03-18 16:53:32.115,-29.62868241666667,162.51909972621917,195.1588529113388,86.66855133749999,12.160891830861111,-32.639753185119645
2020-03-19 10:50:33.249000+00:00,-22.92601,2020-03-19 10:50:33.249000+00:00,3,13.223671997510676,86.54890742555155,8.280746,724.08417,7.597931,-15.291779,0.5009878,10.202096,12.662604,2020-03-19 10:50:33.249,-22.857277,219.70536083638507,222.50542633443192,86.54575678500001,13.273012544166667,-2.8000654980468482
2020-03-19 23:10:12.238000+00:00,-23.383972,2020-03-19 23:10:12.238000+00:00,3,14.215510298801146,86.43220630700293,5.887451,1524.0626,4.842087,-18.541885,0.35975498,13.065202,2.7156878,2020-03-19 23:10:12.238,-23.330020216666664,214.7518497964605,220.73323862977344,86.4290294336111,14.26285929888889,-5.981388833312934
2020-03-20 10:50:18.456000+00:00,-22.307747,2020-03-20 10:50:18.456000+00:00,3,14.771788505265157,86.3370065547593,1.5552444,1398.996,0.5863037,-21.873611,0.22749296,8.025131,13.267923,2020-03-20 10:50:18.456,-22.59870688333333,158.37629757198334,217.77520407497408,86.33372706916667,14.816919635833333,-59.39890650299074
2020-03-20 16:53:49.671000+00:00,-26.629112,2020-03-20 16:53:49.671000+00:00,3,14.829506526125579,86.30694458363807,21.653465,30526.89,4.92453,-21.677994,0.14451335,5.948735,4.152338,2020-03-20 16:53:49.671,-26.696816816666665,147.2214791338857,202.75196006833391,86.3040002647222,14.880123911388889,-55.53048093444821
2020-03-21 04:54:36.509000+00:00,-28.213928,2020-03-21 04:54:36.509000+00:00,3,15.091137353272396,86.26936428047085,7.8128967,1013.54834,7.246765,-20.967163,0.17041376,6.1961346,0.3610301,2020-03-21 04:54:36.509,-27.949978733333335,146.32634220483146,198.63623482537588,86.26664571416666,15.13936255438889,-52.30989262054442
2020-03-21 10:54:28.028000+00:00,-26.269196,2020-03-21 10:54:28.028000+00:00,3,15.223514787743527,86.25803856675286,17.171173,31531.867,5.025177,-21.244019,0.22434276,5.422484,5.1864533,2020-03-21 10:54:28.028,-26.482846583333334,152.93370000108084,202.06813949235283,86.25538290833332,15.2739405525,-49.13443949127199
2020-03-21 22:52:01.710000+00:00,-22.547241,2020-03-21 22:52:01.710000+00:00,3,15.515012509771408,86.23983193994447,3.0141296,1575.6674,1.0691986,-21.478043,0.28812957,5.883325,9.742846,2020-03-21 22:52:01.710,-23.36912261666667,188.78705731951396,215.9836326582591,86.23703779527777,15.567181790833335,-27.196575338745134
2020-03-22 04:55:17.837000+00:00,-23.970215,2020-03-22 04:55:17.837000+00:00,3,15.635493721692717,86.23269097303779,6.4544067,1330.648,3.7053375,-20.264877,0.29843894,4.5492125,10.031312,2020-03-22 04:55:17.837,-24.320673716666665,212.23028406635285,217.6961373595047,86.22977300083332,15.6882318825,-5.465853293151838
2020-03-22 10:54:19.895000+00:00,-25.190163,2020-03-22 10:54:19.895000+00:00,3,15.707259678470662,86.22758185009917,7.6022263,1420.24,6.6131134,-18.46199,0.28244483,4.2428904,4.4732943,2020-03-22 10:54:19.895,-25.715623616666665,189.45509752971648,211.23819397045136,86.2247848763889,15.75663301111111,-21.78309644073488
2020-03-22 16:51:27.717000+00:00,-27.556824,2020-03-22 16:51:27.717000+00:00,3,15.782951820043303,86.22532615412743,10.005844,906.2038,9.433624,-18.104782,0.2783178,3.310287,2.4911451,2020-03-22 16:51:27.717,-27.677397749999994,163.65814308816272,201.80298520943958,86.22257845222222,15.834261146666668,-38.14484212127687
2020-03-23 04:54:37.722000+00:00,-27.567482,2020-03-23 04:54:37.722000+00:00,3,15.819872924240418,86.21661317562574,11.568947,29894.95,8.63736,-18.913483,0.2712392,2.1527395,-1.962095,2020-03-23 04:54:37.722,-27.917436416666668,163.18024020632424,192.99143448183696,86.21405022472223,15.857789083333333,-29.81119427551272
2020-03-23 10:53:39.297000+00:00,-26.407852,2020-03-23 10:53:39.297000+00:00,3,15.80700711212872,86.21181446370215,21.947311,30535.676,6.8792267,-19.528625,0.25626603,1.1274564,0.51757944,2020-03-23 10:53:39.297,-26.220106816666664,159.91281271863303,197.53915463818868,86.20940769027779,15.841862956666668,-37.62634191955564
2020-03-24 04:54:56.496000+00:00,-30.192802,2020-03-24 04:54:56.496000+00:00,3,15.686256001747902,86.19876622837225,18.068352,28611.242,8.5781555,-21.58638,0.19348218,2.570269,1.6267514,2020-03-24 04:54:56.496,-31.541241333333335,150.80066233187355,187.0741658822886,86.19631164944444,15.720402644166665,-36.27350355041506
2020-03-24 10:51:46.370000+00:00,-27.908127,2020-03-24 10:51:46.370000+00:00,3,15.571999119429748,86.19319756796764,14.749954,28578.572,7.811447,-19.52388,0.19747286,3.3397236,-2.4162855,2020-03-24 10:51:46.370,-31.23217701666666,147.34271900676725,191.15751874095918,86.19073708499998,15.602945855277778,-43.81479973419192
2020-03-24 16:59:39.867000+00:00,-31.132126,2020-03-24 16:59:39.867000+00:00,3,15.342987281213533,86.18437921263124,14.2747345,1434.5695,13.134567,-17.971481,0.2185652,6.6891994,-0.2253747,2020-03-24 16:59:39.867,-31.43166281666667,162.52384791267394,192.15212070259093,86.18174443,15.371403786944445,-29.62827278991699
2020-03-25 04:55:12.419000+00:00,-24.476997,2020-03-25 04:55:12.419000+00:00,3,14.549742258371467,86.14258003014456,9.918922,928.75433,9.074066,-15.3489685,0.2394803,7.582303,4.329466,2020-03-25 04:55:12.419,-24.657023933333335,213.9917171016184,216.2067051625316,86.13946484902779,14.567298008611113,-2.2149880609131856
2020-03-25 10:55:02.190000+00:00,-24.339241,2020-03-25 10:55:02.190000+00:00,3,14.026313130469328,86.11623064947831,12.110725,782.71747,10.190414,-13.759491,0.22778283,20.53982,-12.572168,2020-03-25 10:55:02.190,-24.968725216666666,175.5281559129588,212.62008032152812,86.11306514436112,14.040764435361112,-37.09192440856933
2020-03-25 22:46:34.270000+00:00,-25.308228,2020-03-25 22:46:34.270000+00:00,3,13.331736643092864,86.06315089078448,11.822693,676.26746,11.7651825,-13.737091,0.21219428,6.504092,9.020475,2020-03-25 22:46:34.270,-26.1166505,161.34685052210492,205.90272702967323,86.06003002683333,13.360088977222222,-44.555876507568314
2020-03-26 04:55:03.043000+00:00,-26.4691,2020-03-26 04:55:03.043000+00:00,3,13.171906280997375,86.0352109484482,11.781509,1288.6537,10.85939,-15.609711,0.18971008,7.9777694,3.5321565,2020-03-26 04:55:03.043,-26.748104316666666,158.59512660293578,204.3935897315979,86.0320813361111,13.202938149722224,-45.79846312866212
2020-03-26 10:52:41.526000+00:00,-27.026672,2020-03-26 10:52:41.526000+00:00,3,13.089793634560342,86.00481429853667,13.168304,1237.3414,13.190155,-14.017822,0.1875457,7.2532783,2.288712,2020-03-26 10:52:41.526,-27.157588399999998,159.0794746939723,204.77904993475596,86.00216734654722,13.123070684972223,-45.69957524078367
2020-03-26 16:55:10.575000+00:00,-26.165192,2020-03-26 16:55:10.575000+00:00,3,13.093406425095456,85.97051281795753,12.904755,1013.84515,12.35376,-13.811432,0.19970842,8.069847,1.5361824,2020-03-26 16:55:10.575,-26.292120200000006,229.7301587346522,214.23997533407845,85.9671349986111,13.126619504972222,15.490183400573756
2020-03-26 22:58:42.779000+00:00,-26.641922,2020-03-26 22:58:42.779000+00:00,3,13.143108547779839,85.93140810822241,11.984238,1115.071,11.659927,-14.981995,0.21519575,12.815778,-3.9661207,2020-03-26 22:58:42.779,-26.577253816666666,220.135680381457,212.41411457792918,85.92836578555556,13.17526460888889,7.721565803527824
2020-03-27 16:48:35.272000+00:00,-26.694946,2020-03-27 16:48:35.272000+00:00,3,13.428230913931229,85.78145670972549,9.927155,564.1989,9.007477,-17.68747,0.32980806,15.500356,-2.7342386,2020-03-27 16:48:35.272,-26.57155266666667,206.6405123911158,210.6067576123683,85.77807152055557,13.460080396666665,-3.966245221252507
2020-03-28 04:55:29.197000+00:00,-22.592133,2020-03-28 04:55:29.197000+00:00,3,13.394308255964972,85.65682772615988,6.9311523,795.1415,6.2091064,-16.383026,0.2535171,11.157591,1.6055002,2020-03-28 04:55:29.197,-22.520658333333333,221.53354845672607,223.94803623016355,85.6530443613889,13.424044312222222,-2.414487773437486
2020-03-29 05:00:20.247000+00:00,-24.833313,2020-03-29 05:00:20.247000+00:00,3,13.231837168027026,85.46546829946227,9.369324,926.34033,9.155853,-15.67746,0.7580388,8.803998,0.094498634,2020-03-29 05:00:20.247,-25.131637983333334,179.24870462510427,212.5605441359075,85.46265803527777,13.262378707222222,-33.311839510803225
2020-03-29 10:52:00.655000+00:00,-24.756012,2020-03-29 10:52:00.655000+00:00,3,13.21339126639799,85.43144647945245,8.810608,1054.4285,8.309479,-16.446533,0.25330693,8.324152,2.4954462,2020-03-29 10:52:00.655,-24.719384616666666,177.17710989200594,213.86438728061677,85.42885171194446,13.243037845555554,-36.68727738861082
2020-03-29 16:51:53.523000+00:00,-25.171982,2020-03-29 16:51:53.523000+00:00,3,13.17586647431254,85.40213674259437,8.383713,629.85187,7.7733917,-17.324692,0.23305042,8.018812,0.56210804,2020-03-29 16:51:53.523,-25.2421768,161.63147882741293,209.40421856129961,85.39974266749999,13.20511157888889,-47.77273973388668
2020-03-30 04:59:17.870000+00:00,-29.165886,2020-03-30 04:59:17.870000+00:00,3,13.159126910876282,85.37964000744864,9.810188,681.17267,8.492783,-20.674225,0.21445511,4.9451513,2.7896285,2020-03-30 04:59:17.870,-29.40252501666667,147.62252772467295,194.28153028235118,85.37723308972221,13.19213644638889,-46.659002557678235
2020-03-30 10:50:27.405000+00:00,-28.995811,2020-03-30 10:50:27.405000+00:00,3,13.193279864172231,85.3768858161694,8.927956,399.49857,7.9445343,-21.053406,0.2111932,3.6116323,5.03006,2020-03-30 10:50:27.405,-28.53885808333333,152.3671893219503,198.7236255316671,85.37450969333332,13.226592784722223,-46.356436209716804
2020-03-30 16:54:40.827000+00:00,-28.804062,2020-03-30 16:54:40.827000+00:00,3,13.282623000616182,85.37002721710596,8.152771,454.1312,6.680191,-22.12387,0.17867112,5.072469,6.5690637,2020-03-30 16:54:40.827,-28.706915366666664,151.48011633426668,196.95014424777986,85.36765579666667,13.317500977499998,-45.47002791351318
2020-03-30 22:45:17.310000+00:00,-29.48825,2020-03-30 22:45:17.310000+00:00,3,13.429095124307352,85.3566792056035,8.784164,564.8972,7.9869995,-21.28749,0.19527397,6.540287,5.3247967,2020-03-30 22:45:17.310,-29.904997583333333,153.36251697077432,194.7752747796122,85.35381142277777,13.467074789166668,-41.41275780883788
2020-03-31 04:50:43.813000+00:00,-29.847366,2020-03-31 04:50:43.813000+00:00,3,13.646491851656087,85.33347239636718,10.319397,817.8903,9.270493,-20.564697,0.25522768,7.404456,8.000755,2020-03-31 04:50:43.813,-29.62651095,163.5510195401128,196.67021521912892,85.33079296305554,13.683955012500002,-33.119195679016116
