,t0,dt0,month,lon,lat,inversion_strength,inversion_height,low_level_stability,rh_sub_850,surf_wind_velocity,wind_shear,dt_
0,-27.56195,2020-02-16 22:43:34.370000+00:00,2,79.62757226352862,88.06934904385733,6.222931,579.74927,5.231018,0.27318576,6.1423397,1.4321003,2020-02-16 22:43:34.370
2,-24.137451,2020-02-25 16:51:36.069000+00:00,2,44.3850075039012,88.54954144391887,6.794998,570.0273,4.5905,0.22431162,12.269664,9.219295,2020-02-25 16:51:36.069
4,-29.049454,2020-02-26 16:49:32.343000+00:00,2,39.222763654438204,88.47302480081856,8.806351,890.78546,8.317902,0.2744851,8.542025,4.6152344,2020-02-26 16:49:32.343
5,-31.95578,2020-02-14 22:42:29.193000+00:00,2,80.03880756731378,88.05881398791107,16.932709,1403.4277,15.924835,0.20601013,3.4858487,6.5466413,2020-02-14 22:42:29.193
6,-24.911026,2020-02-13 22:45:08.350000+00:00,2,81.89140349698066,87.9947130474896,10.60408,1706.7655,10.089676,0.3898766,6.459057,8.307389,2020-02-13 22:45:08.350
7,-32.0085,2020-02-27 16:52:28.653000+00:00,2,36.03928661921794,88.39663500096005,8.899124,1316.2413,8.855698,0.30328867,6.2117686,0.0925889,2020-02-27 16:52:28.653
8,-20.016525,2020-02-21 17:06:35.093000+00:00,2,66.06164869555118,88.52619573719394,0.5657501,384.6743,-2.3001862,0.23217244,9.247584,7.275569,2020-02-21 17:06:35.093
9,-36.442947,2020-02-29 10:52:53.953000+00:00,2,31.947939093990087,88.27840391531626,10.012451,1083.1238,9.76059,0.2831477,7.235352,-1.7372494,2020-02-29 10:52:53.953
11,-28.301048,2020-02-12 22:46:21.568000+00:00,2,86.20334474207566,87.92254600331808,10.514839,946.4108,9.47052,0.24055454,9.0855465,13.152668,2020-02-12 22:46:21.568
12,-35.47101,2020-02-28 10:48:00.337000+00:00,2,33.956314934414635,88.34572699300818,10.272308,1336.2847,10.106384,0.4340049,7.1365423,0.852674,2020-02-28 10:48:00.337
13,-11.968872,2020-02-20 16:56:43.714000+00:00,2,68.21884426802862,88.41796540827768,0.13665771,13.13402,-0.6012573,0.31326517,5.3096747,13.357262,2020-02-20 16:56:43.714
14,-35.732635,2020-02-28 05:11:34.696000+00:00,2,34.514851495811214,88.361811745252,10.494156,1276.3539,10.457428,0.28147438,5.230265,2.4092383,2020-02-28 05:11:34.696
16,-26.925652,2020-02-09 23:04:49.339000+00:00,2,92.35712002351694,87.76165009053682,6.3297806,1479.7882,5.061981,0.222975,5.5098763,9.224768,2020-02-09 23:04:49.339
20,-19.22754,2020-02-22 16:54:26.013000+00:00,2,64.22363157430597,88.5775601099143,2.3349,154.09587,-1.8953857,0.24988447,5.8949823,5.784972,2020-02-22 16:54:26.013
21,-29.95562,2020-02-10 22:53:56.370000+00:00,2,90.96979746329632,87.8075547283263,11.203285,819.6168,10.129181,0.12287338,6.9349566,4.400961,2020-02-10 22:53:56.370
22,-31.238968,2020-02-27 11:19:25.507000+00:00,2,36.7715677864061,88.41260706842831,8.789886,698.53455,8.186523,0.26087317,6.2390423,1.2381077,2020-02-27 11:19:25.507
27,-19.939125,2020-02-03 22:48:42.708000+00:00,2,94.43059984422571,87.448909701684,4.3294754,598.5919,1.2655792,0.27901974,5.9503975,9.136968,2020-02-03 22:48:42.708
28,-26.138733,2020-02-26 04:51:43.162000+00:00,2,41.455202519126686,88.51217636619866,7.428467,490.33374,5.9560547,0.22214827,10.039943,5.7148895,2020-02-26 04:51:43.162
29,-22.706268,2020-02-06 22:51:41.916000+00:00,2,93.78913673393471,87.62819807598224,2.334015,2107.1584,1.4087219,0.65669113,5.569453,-0.034733295,2020-02-06 22:51:41.916
30,-22.322792,2020-02-25 10:53:20.106000+00:00,2,46.12367378498662,88.5632092303042,6.979927,345.27667,3.6188965,0.29078975,11.284424,6.930975,2020-02-25 10:53:20.106
32,-29.799568,2020-02-27 04:53:42.018000+00:00,2,37.53798221490718,88.43322744132207,8.361275,619.54614,8.00853,0.30544576,4.430644,3.25945,2020-02-27 04:53:42.018
34,-31.934586,2020-02-12 04:50:36.787000+00:00,2,88.17011809036741,87.85744279159545,7.8795166,968.05994,6.7080383,0.13641988,4.919398,14.393637,2020-02-12 04:50:36.787
36,-19.289574,2020-02-22 10:53:21.708000+00:00,2,64.61339622479076,88.57685560215819,0.15839386,13.5350685,-0.9152374,0.24306414,5.3930025,6.8295803,2020-02-22 10:53:21.708
40,-29.75277,2020-02-17 22:48:43.844000+00:00,2,78.11309141526257,88.07956606710285,11.148094,861.2151,9.206665,0.24606334,4.9479747,0.726387,2020-02-17 22:48:43.844
41,-36.04812,2020-02-28 16:53:15.170000+00:00,2,33.40763411498953,88.32935203815299,10.4806595,972.07184,10.0327,0.2873445,6.286191,1.2997794,2020-02-28 16:53:15.170
43,-37.571114,2020-02-01 22:48:13.673000+00:00,2,95.72312904889253,87.33974988992534,10.093758,2037.3179,7.686157,0.29545262,4.016634,1.0732222,2020-02-01 22:48:13.673
44,-15.831512,2020-02-23 04:48:28.256000+00:00,2,62.49379302246038,88.58066190849513,2.0939026,523.9157,-1.2895813,0.24371336,5.413463,8.384932,2020-02-23 04:48:28.256
45,-18.939713,2020-02-21 10:51:07.532000+00:00,2,66.51524493001645,88.49875294172473,0.0050354004,0.20051987,-5.9405975,0.20515907,6.52829,9.199243,2020-02-21 10:51:07.532
47,-19.34748,2020-02-22 04:50:04.551000+00:00,2,65.10024534331605,88.56806051324885,0.8278122,1185.4546,0.28178406,0.251805,6.3745775,9.168576,2020-02-22 04:50:04.551
50,-30.2471,2020-02-11 10:47:47.038000+00:00,2,89.92279322607986,87.8229125679904,9.341187,369.53528,7.2624664,0.19584535,8.583849,5.3564262,2020-02-11 10:47:47.038
53,-15.283142,2020-02-18 16:52:37.839000+00:00,2,76.45380178107486,88.1371169700204,1.7853394,415.85037,-1.1235046,0.3935479,8.007223,7.1209984,2020-02-18 16:52:37.839
54,-28.279846,2020-02-13 04:51:13.712000+00:00,2,85.31476356715528,87.94431572778372,9.998001,1247.0867,9.810425,0.29994062,7.486582,16.440363,2020-02-13 04:51:13.712
55,-37.630264,2020-02-01 17:01:55.109000+00:00,2,95.84872114979169,87.36446409811958,9.965515,2227.1824,8.247482,0.23547113,6.958025,6.3101587,2020-02-01 17:01:55.109
57,-34.0347,2020-02-02 16:51:47.437000+00:00,2,94.30580976587895,87.35836971281918,13.974274,1623.2848,10.381638,0.24446194,5.837026,-3.7951512,2020-02-02 16:51:47.437
61,-33.840866,2020-02-27 22:51:43.400000+00:00,2,35.26862599786016,88.37930482120461,8.864624,1386.2932,8.584656,0.29403076,8.365398,0.7220192,2020-02-27 22:51:43.400
62,-31.532242,2020-02-11 04:48:07.933000+00:00,2,90.50498523943835,87.81672789699815,9.641495,1112.0858,9.234253,0.15925491,6.5625277,11.690829,2020-02-11 04:48:07.933
64,-36.007385,2020-02-28 22:39:21.945000+00:00,2,32.919800438745675,88.31278629028017,10.238663,1256.0088,10.228027,0.2687839,7.589245,-1.2949152,2020-02-28 22:39:21.945
65,-31.778214,2020-02-12 10:56:24.017000+00:00,2,87.55120552180476,87.87681414724847,11.524139,952.52454,10.372864,0.17087643,9.893962,8.245561,2020-02-12 10:56:24.017
68,-29.157227,2020-02-17 04:50:23.262000+00:00,2,79.34110469822048,88.07134389664024,8.801834,788.746,7.791733,0.26075062,5.0290194,2.184142,2020-02-17 04:50:23.262
71,-26.79802,2020-02-04 16:51:28.417000+00:00,2,95.34527133212494,87.49369305813448,9.695541,498.24982,8.904816,0.21965657,5.9874997,3.133573,2020-02-04 16:51:28.417
73,-26.29776,2020-02-16 10:48:59.941000+00:00,2,79.75093284418735,88.06717012233743,4.613678,722.99115,3.7234344,0.2419808,2.1039546,12.999545,2020-02-16 10:48:59.941
75,-34.929245,2020-02-15 04:50:30.910000+00:00,2,79.92909496556553,88.06902757420981,18.643814,1613.1722,17.936447,0.21833132,5.701191,-1.4377036,2020-02-15 04:50:30.910
76,-33.17137,2020-02-17 10:57:39.423000+00:00,2,78.92872424260167,88.073609346255,12.0529785,913.43585,11.95137,0.2511877,6.9926157,2.1882582,2020-02-17 10:57:39.423
77,-22.977028,2020-02-24 10:59:21.751000+00:00,2,54.79588932293762,88.58973259193073,6.396858,825.2336,6.1879272,0.43188006,10.551296,10.199245,2020-02-24 10:59:21.751
78,-20.973602,2020-02-14 04:52:27.323000+00:00,2,80.99422071192042,88.0115685811649,10.04422,884.66907,9.272842,0.38067934,7.548073,4.763629,2020-02-14 04:52:27.323
80,-14.170166,2020-02-03 10:49:26.453000+00:00,2,93.38312804286345,87.42014125692025,0.5782776,6.416584,-5.1791534,0.35166147,5.4436297,3.2640338,2020-02-03 10:49:26.453
81,-12.844086,2020-02-19 04:49:29.491000+00:00,2,74.59998305316107,88.20984388932378,0.5414734,704.8488,-1.8840637,0.45307064,10.569897,15.007605,2020-02-19 04:49:29.491
84,-29.617859,2020-02-18 04:53:37.252000+00:00,2,77.81367025541151,88.08742542627914,12.962219,457.75305,8.746826,0.25545996,6.7799497,0.41050768,2020-02-18 04:53:37.252
85,-32.295334,2020-02-02 10:55:10.777000+00:00,2,94.85291687723655,87.35008840786722,9.135941,1973.894,5.1883545,0.22372878,7.1373243,-5.5996,2020-02-02 10:55:10.777
86,-12.676941,2020-02-19 22:44:46.763000+00:00,2,70.84229400570769,88.32759457177555,2.4501343,958.4407,2.165924,0.3747901,11.773481,5.3391094,2020-02-19 22:44:46.763
88,-27.203712,2020-02-01 05:14:51.047000+00:00,2,96.2352292660002,87.46695598499761,6.5576096,1228.7416,5.42511,0.24327725,14.643391,-2.8500671,2020-02-01 05:14:51.047
92,-21.829124,2020-02-18 10:49:46.730000+00:00,2,77.20001335169187,88.1074817772673,8.054588,670.56696,5.714691,0.27109286,5.940962,5.4388266,2020-02-18 10:49:46.730
97,-25.551918,2020-02-03 04:51:28.931000+00:00,2,93.22410538343698,87.40367751313165,11.489082,466.2716,7.962631,0.32842365,6.05959,5.8534694,2020-02-03 04:51:28.931
98,-18.530815,2020-02-21 22:43:32.350000+00:00,2,65.61227999647976,88.55109015681785,0.21013641,2.2057185,-2.2168427,0.2677013,10.695411,9.317246,2020-02-21 22:43:32.350
101,-25.27626,2020-02-05 04:54:28.083000+00:00,2,95.13980716657007,87.52699495258351,8.238022,828.7363,6.2375946,0.16842866,5.00686,8.67258,2020-02-05 04:54:28.083
102,-30.596619,2020-02-17 16:56:44.962000+00:00,2,78.46657558100479,88.07548695140527,11.477768,1134.4376,11.625092,0.27604103,5.4207444,3.0662389,2020-02-17 16:56:44.962
104,-26.602371,2020-02-16 16:59:03.773000+00:00,2,79.71168222015375,88.06661396370266,5.1100464,685.90326,3.8036346,0.28419137,3.979395,5.3418055,2020-02-16 16:59:03.773
105,-23.284271,2020-02-04 04:52:51.318000+00:00,2,95.00120856811793,87.46594718698861,7.7493896,969.2598,6.1903687,0.17128967,6.1711664,9.352663,2020-02-04 04:52:51.318
108,-26.114967,2020-02-04 10:54:23.489000+00:00,2,95.31114504275,87.47799860291694,9.218575,459.55548,8.256485,0.20023218,5.519946,5.3498917,2020-02-04 10:54:23.489
109,-26.163025,2020-02-07 04:50:16.619000+00:00,2,93.74763418371192,87.63501313581311,5.9241943,1660.3655,4.151016,0.27609268,4.366673,3.816671,2020-02-07 04:50:16.619
110,-35.10029,2020-02-15 16:51:26.417000+00:00,2,79.76090888406327,88.06817240169178,12.314049,2095.6423,10.779816,0.23652297,4.725684,1.5073814,2020-02-15 16:51:26.417
111,-25.237976,2020-02-25 23:10:21.975000+00:00,2,42.766054276851946,88.53003215459334,7.010437,333.74796,4.8171387,0.23707493,8.15213,10.973351,2020-02-25 23:10:21.975
113,-28.76616,2020-02-26 22:46:31.041000+00:00,2,38.35135177962742,88.45327997405856,8.1501465,804.4845,7.438919,0.2793128,7.021337,2.9153504,2020-02-26 22:46:31.041
114,-25.80017,2020-02-14 16:50:50.650000+00:00,2,80.1263460246477,88.04454251738979,11.201447,1549.8394,10.673538,0.2651641,3.1418734,11.111354,2020-02-14 16:50:50.650
117,-25.362854,2019-11-11 04:53:46.868000+00:00,11,116.43842088043523,85.87059165597537,5.417145,427.97086,3.6938171,0.21923888,6.531106,7.5361996,2019-11-11 04:53:46.868
118,-17.237793,2019-11-03 17:04:07.168000+00:00,11,120.92428974131026,85.91708972053644,0.0,-7.0180407,-4.4157104,0.13179702,7.310021,5.4825416,2019-11-03 17:04:07.168
120,-21.205536,2019-11-12 10:57:23.673000+00:00,11,117.54117308360158,86.0302066805499,8.85965,380.25507,5.646103,0.13849618,8.446332,0.9967909,2019-11-12 10:57:23.673
121,-6.903015,2019-11-16 21:53:51.738000+00:00,11,122.38440325189448,86.1140665091941,0.0,1.804641,-2.7944336,0.0816695,10.493226,14.966397,2019-11-16 21:53:51.738
122,-22.98272,2019-11-28 22:54:58.484000+00:00,11,115.5690382578592,86.13473514298238,3.312767,1038.603,2.6299438,0.23320745,7.304432,11.765121,2019-11-28 22:54:58.484
128,-15.846558,2019-11-18 16:58:12.728000+00:00,11,120.29789236047039,85.80697991506919,3.9415283,818.0964,3.1777954,0.22370337,3.9760997,4.4120655,2019-11-18 16:58:12.728
129,-28.975266,2019-11-10 10:54:04.291000+00:00,11,116.12983359081647,85.82529497825621,4.7930603,1217.3953,4.406845,0.17271599,4.433602,0.5087986,2019-11-10 10:54:04.291
130,-25.527817,2019-11-09 10:52:07.865000+00:00,11,115.78274104598363,85.83974297718986,3.1954498,1245.7572,3.1231842,0.14054109,5.411688,-1.2886052,2019-11-09 10:52:07.865
131,-13.394592,2019-11-13 05:00:10.981000+00:00,11,117.96932156640071,86.10093841076583,2.32193,242.61479,-5.275467,0.12482433,6.625331,6.30072,2019-11-13 05:00:10.981
132,-18.477798,2019-11-01 16:51:40.040000+00:00,11,122.77198511309635,85.83125637162246,1.8331451,539.5403,-6.124939,0.18425897,5.2018776,-2.693986,2019-11-01 16:51:40.040
133,-20.720062,2019-11-11 10:50:56.571000+00:00,11,116.56591893384895,85.90700832394761,2.79451,359.30304,-0.4671936,0.18044464,6.135109,7.034027,2019-11-11 10:50:56.571
134,-5.7329407,2019-11-19 16:57:36.359000+00:00,11,120.9565113209945,85.78349488674132,0.05053711,4.9126105,-4.4053955,0.21539773,10.389635,3.7239466,2019-11-19 16:57:36.359
135,-17.164612,2019-11-12 04:55:55.200000+00:00,11,117.39375367269095,86.0025896587502,6.8554993,497.1394,2.8155518,0.12393086,4.7444606,8.273863,2019-11-12 04:55:55.200
136,-22.622993,2019-11-08 10:53:04.845000+00:00,11,116.07710279903516,85.90015889687021,2.1864395,725.8827,1.4242401,0.13606203,1.7565675,1.8810005,2019-11-08 10:53:04.845
138,-13.983597,2019-11-14 04:55:49.060000+00:00,11,118.18523192262555,86.16143259212635,6.61821,559.08954,-0.69802856,0.14899428,7.14819,-2.4560714,2019-11-14 04:55:49.060
140,-6.2000732,2019-11-16 10:52:46.252000+00:00,11,120.75714174472732,86.1636586088981,0.07131958,2.606705,-4.552185,0.35663366,6.4605246,16.241127,2019-11-16 10:52:46.252
143,-7.3617554,2019-11-16 05:01:33.968000+00:00,11,119.87407637755732,86.18217399001011,0.81707764,385.66907,-5.7204285,0.14300105,9.048247,11.162026,2019-11-16 05:01:33.968
145,-14.193481,2019-11-15 10:53:59.823000+00:00,11,118.46251221969514,86.19006681084602,4.753418,671.2568,-0.33935547,0.14156982,3.2608936,4.864398,2019-11-15 10:53:59.823
147,-12.570404,2019-11-14 10:55:20.373000+00:00,11,118.24292969500581,86.17216696576058,6.074951,417.54703,-1.4591675,0.15578416,8.90192,-3.8775291,2019-11-14 10:55:20.373
149,-16.905685,2019-11-11 16:51:58.216000+00:00,11,116.80203809978703,85.94750501394455,5.8016815,1018.3553,3.6270142,0.21622886,7.5083537,9.174953,2019-11-11 16:51:58.216
151,-21.512024,2019-11-08 16:51:36.543000+00:00,11,115.91759092047636,85.88760259863662,1.272644,366.4204,-0.9067993,0.14469588,6.40458,-2.6355195,2019-11-08 16:51:36.543
152,-11.388794,2019-11-18 10:47:34.224000+00:00,11,120.57569892095114,85.82492630717154,0.046173096,815.39026,-0.54940796,0.17827044,9.211709,9.495803,2019-11-18 10:47:34.224
153,-19.437454,2019-11-02 04:55:30.108000+00:00,11,122.59866823154827,85.84877787966315,0.6433258,6.0154457,-3.6569672,0.17705315,1.4769948,3.1975253,2019-11-02 04:55:30.108
155,-18.099854,2019-11-22 22:54:09.689000+00:00,11,120.34277238336564,85.7330367558644,0.008926392,-0.3007721,-0.6203003,0.21136238,1.8408858,4.5177703,2019-11-22 22:54:09.689
156,-27.220383,2019-11-09 16:52:01.847000+00:00,11,115.85285138982405,85.83010031155679,4.223587,1362.9103,4.1735992,0.1270305,5.10446,-1.7133584,2019-11-09 16:52:01.847
158,-24.430397,2019-11-02 10:54:19.479000+00:00,11,122.45747495074288,85.85582132418087,5.361412,615.3215,3.4651947,0.1862778,4.1244593,-0.028774261,2019-11-02 10:54:19.479
159,-10.3802185,2019-11-18 05:23:32.808000+00:00,11,120.85171014529753,85.8572380303882,0.06484985,-4.511592,-4.520874,0.12366003,10.226759,5.452075,2019-11-18 05:23:32.808
160,-22.045319,2019-11-13 16:51:09.913000+00:00,11,117.99678743983442,86.12660501727852,9.917236,543.2513,7.6860657,0.11038175,6.330232,0.38881397,2019-11-13 16:51:09.913
161,-18.683792,2019-11-01 04:56:50.315000+00:00,11,122.96902408617547,85.80840026613836,3.8615875,414.93872,-4.9544983,0.16184264,1.8469436,3.2942026,2019-11-01 04:56:50.315
162,-6.047455,2019-11-19 22:52:31.538000+00:00,11,121.31792656782196,85.76416589399373,0.29559326,5.61441,-3.5481567,0.23492494,4.2181234,7.139329,2019-11-19 22:52:31.538
165,-17.702118,2019-11-20 22:58:01.427000+00:00,11,121.17070408870018,85.7477405951182,5.875183,578.132,3.7683258,0.20400043,3.7534277,-0.57078505,2019-11-20 22:58:01.427
169,-26.97351,2019-11-06 04:58:30.903000+00:00,11,117.7468510607146,85.92029658348291,7.454315,333.63992,4.4774933,0.15085195,3.1289876,0.33354783,2019-11-06 04:58:30.903
170,-26.135544,2019-11-26 22:57:03.547000+00:00,11,118.50637492754734,86.14348038187026,0.77505493,534.2297,-2.782898,0.22000866,2.5074067,1.757628,2019-11-26 22:57:03.547
172,-21.747833,2019-11-07 04:58:18.995000+00:00,11,116.85410406645529,85.92108317935126,1.4311371,62.56014,-0.6613922,0.21470031,5.8346233,-2.9570277,2019-11-07 04:58:18.995
176,-17.29509,2019-11-04 05:00:24.477000+00:00,11,120.18896645898025,85.94030887272407,2.3107147,280.00732,-1.3854218,0.23587732,6.2850037,-0.031693935,2019-11-04 05:00:24.477
177,-22.143646,2019-11-07 10:59:54.588000+00:00,11,116.65296437468425,85.91836097834869,0.14328003,5.514164,-0.5611725,0.17897409,4.1488686,-0.7118552,2019-11-07 10:59:54.588
178,-20.10794,2019-11-05 04:53:00.865000+00:00,11,118.83283775236117,85.95081792001608,1.8720398,611.7136,0.09983826,0.20178019,7.003102,-0.3875308,2019-11-05 04:53:00.865
179,-9.870178,2019-11-17 16:55:35.525000+00:00,11,122.11933339516483,85.96615889751988,0.011810303,1.70438,-7.008667,0.88139546,14.193394,17.348372,2019-11-17 16:55:35.525
181,-23.408875,2019-11-06 10:58:39.309000+00:00,11,117.48618914909575,85.91709533045128,3.1639404,368.42548,1.3233643,0.1565145,6.0338054,-1.1796064,2019-11-06 10:58:39.309
183,-18.837997,2019-11-13 22:54:50.838000+00:00,11,118.06627391264301,86.14279438114235,9.74852,656.4213,4.182968,0.15777178,5.384795,-2.2884426,2019-11-13 22:54:50.838
184,-11.892578,2019-11-14 22:53:42.161000+00:00,11,118.31024396242307,86.185495432111,2.2562866,444.31235,-3.3950806,0.18147202,2.990433,7.1340923,2019-11-14 22:53:42.161
190,-6.936096,2019-11-19 10:54:03.467000+00:00,11,120.75130667697113,85.794330037393,0.12988281,6.0154414,-3.1888733,0.19895959,3.8878927,5.020406,2019-11-19 10:54:03.467
191,-27.40033,2019-11-07 22:55:35.697000+00:00,11,116.35588926538729,85.91310107563189,5.966797,1376.9419,5.964142,0.16689618,5.5456114,-1.7232878,2019-11-07 22:55:35.697
192,-27.440544,2019-11-10 22:52:52.397000+00:00,11,116.32525557663855,85.84720294700539,5.121269,923.1382,4.003723,0.14848608,6.1123776,2.1088758,2019-11-10 22:52:52.397
194,-22.316116,2019-11-22 17:00:44.198000+00:00,11,120.44601827206296,85.73596013185771,5.9776764,367.22162,1.8362122,0.15751375,4.8464236,3.8224854,2019-11-22 17:00:44.198
195,-19.608551,2019-11-08 23:22:24.030000+00:00,11,115.79241778927513,85.86824116087847,0.0,8.822652,-2.749237,0.14376627,6.604121,-1.5096445,2019-11-08 23:22:24.030
197,-16.811554,2019-11-23 16:51:40.985000+00:00,11,120.76997929989555,85.76516734860203,0.5947876,514.78033,-4.401718,0.24233432,6.9030037,8.68011,2019-11-23 16:51:40.985
199,-18.428513,2019-11-20 16:55:04.438000+00:00,11,121.3511603665667,85.75872310554183,7.239731,556.3801,4.256012,0.20379317,2.8630333,3.1764069,2019-11-20 16:55:04.438
201,-12.768158,2019-11-12 22:53:47.988000+00:00,11,117.81916816903002,86.08122207469457,2.3797913,287.82724,-5.659088,0.14532346,6.5047045,11.215936,2019-11-12 22:53:47.988
202,-15.466003,2019-11-11 22:53:20.029000+00:00,11,117.08724451304342,85.97589577459668,6.2841187,513.0777,-0.30023193,0.11856668,6.4316616,8.848141,2019-11-11 22:53:20.029
204,-14.714172,2019-11-21 16:52:58.917000+00:00,11,120.86494255752778,85.74081060095259,3.6276855,967.93854,1.5412598,0.2015717,1.9378235,1.8024108,2019-11-21 16:52:58.917
205,-28.111908,2019-11-30 11:06:25.930000+00:00,11,112.87659913065228,86.0440017266839,6.859497,955.81476,6.052353,0.17646588,7.4903464,6.9923244,2019-11-30 11:06:25.930
209,-19.317009,2019-11-06 22:53:55.191000+00:00,11,117.04050476132757,85.9186771984303,0.049705505,6.015451,-3.176651,0.17460541,5.6954823,-2.9328067,2019-11-06 22:53:55.191
210,-23.372238,2019-11-26 04:52:02.802000+00:00,11,119.5570498710612,86.11697588765219,1.025116,663.03674,-2.5734406,0.22239187,4.437486,3.246047,2019-11-26 04:52:02.802
213,-26.64093,2019-11-26 10:58:47.926000+00:00,11,119.16390710510518,86.12732302050857,3.463379,317.90192,0.47860718,0.2183133,6.2823915,2.162136,2019-11-26 10:58:47.926
219,-24.107605,2019-11-04 22:54:52.268000+00:00,11,119.13370931150008,85.95317759958174,5.8444977,1229.8245,5.235504,0.25554192,6.677275,-6.553482,2019-11-04 22:54:52.268
220,-24.388733,2019-11-29 17:06:59.890000+00:00,11,113.81050834142022,86.0984199748803,5.3752747,884.6529,4.467804,0.20749272,4.8146987,17.81188,2019-11-29 17:06:59.890
221,-15.387939,2019-11-21 10:48:53.592000+00:00,11,120.91117353298031,85.739957966079,3.8773193,708.4403,1.9615173,0.19461419,2.2695098,6.864019,2019-11-21 10:48:53.592
222,-20.97667,2019-11-02 22:54:22.874000+00:00,11,122.05709895276152,85.87765877543421,3.3077087,626.84906,1.3643951,0.15260206,3.4698918,3.133454,2019-11-02 22:54:22.874
225,-15.704544,2019-11-20 10:49:15.978000+00:00,11,121.57807057807588,85.76079865626762,5.466507,405.9164,2.6580505,0.23377527,5.1089096,2.3734326,2019-11-20 10:49:15.978
226,-22.536835,2019-11-28 16:52:12.331000+00:00,11,116.19250765324827,86.14842458744083,2.96521,889.1638,-0.24784851,0.29763034,8.247802,5.683793,2019-11-28 16:52:12.331
227,-18.432388,2019-11-01 22:53:41.759000+00:00,11,122.68344894872027,85.83808094602503,0.89271545,519.6926,-6.787262,0.20571484,1.4184543,4.227781,2019-11-01 22:53:41.759
228,-7.551483,2019-11-20 05:05:48.986000+00:00,11,121.56682420892646,85.76579673882344,0.21282959,14.637548,-6.1853027,0.21975891,5.1520243,3.3754892,2019-11-20 05:05:48.986
229,-24.48323,2019-10-31 22:55:09.757000+00:00,10,123.10980816436916,85.79471716557339,7.7193146,677.76874,3.039383,0.17224872,3.089488,3.7997947,2019-10-31 22:55:09.757
232,-16.214691,2019-11-21 04:52:36.638000+00:00,11,120.96130128742928,85.7450161967178,4.134613,450.12393,2.4789124,0.19741899,4.0145006,0.7452693,2019-11-21 04:52:36.638
234,-13.290283,2019-11-18 22:55:40.355000+00:00,11,120.47528533563654,85.79927196933808,3.2765198,312.4872,-0.2043457,0.19158734,1.4477122,8.540635,2019-11-18 22:55:40.355
235,-37.39572,2020-03-09 05:14:02.994000+00:00,3,24.17353952111946,87.93264265993626,11.55188,1359.5316,11.317886,0.38415965,9.618067,-0.94211197,2020-03-09 05:14:02.994
236,-29.48825,2020-03-30 22:45:17.310000+00:00,3,13.429095124307352,85.3566792056035,8.784164,564.8972,7.9869995,0.19527397,6.540287,5.3247967,2020-03-30 22:45:17.310
237,-35.317703,2020-03-02 16:53:18.965000+00:00,3,30.894565482953364,88.17587388062886,6.015442,1096.3529,5.913925,0.2948683,2.9091837,1.027864,2020-03-02 16:53:18.965
239,-34.458466,2020-03-11 04:55:31.349000+00:00,3,24.901614599232012,87.67908390376682,9.091629,1151.2721,8.877823,0.21526659,2.626221,4.4719887,2020-03-11 04:55:31.349
240,-36.49082,2020-03-03 16:50:06.650000+00:00,3,30.417573476331267,88.1238276440281,7.18145,988.6085,7.628433,0.28646836,1.6432801,2.6978588,2020-03-03 16:50:06.650
241,-26.269196,2020-03-21 10:54:28.028000+00:00,3,15.223514787743527,86.25803856675286,17.171173,31531.867,5.025177,0.22434276,5.422484,5.1864533,2020-03-21 10:54:28.028
243,-33.67946,2020-03-08 10:48:59.599000+00:00,3,25.076231170827008,88.01694445098694,9.309662,1449.025,6.2540283,0.18237357,7.11101,-1.0907197,2020-03-08 10:48:59.599
244,-26.736115,2020-03-12 04:56:52.232000+00:00,3,22.3466618395272,87.57982899063944,6.497635,995.1195,5.845703,0.31105533,15.883372,3.7451239,2020-03-12 04:56:52.232
246,-34.3376,2020-03-01 16:49:00.395000+00:00,3,31.37076085738025,88.21490628681927,6.7856293,960.3444,6.2784424,0.31393382,4.0359726,-0.8108778,2020-03-01 16:49:00.395
247,-37.076088,2020-03-09 10:54:30.655000+00:00,3,24.01904419263972,87.89636478736809,10.4194565,1374.0627,9.74501,0.2539702,7.7795534,4.7012787,2020-03-09 10:54:30.655
248,-39.150314,2020-03-10 10:50:56.747000+00:00,3,24.622639743137306,87.74699669190525,12.754547,1112.6864,12.5673065,0.27694717,9.428183,0.21105766,2020-03-10 10:50:56.747
249,-29.3777,2020-03-18 16:53:32.115000+00:00,3,12.116455699269999,86.67121405818368,7.4225616,1390.884,6.833725,0.27338675,7.7151356,5.585515,2020-03-18 16:53:32.115
251,-26.795486,2020-03-07 16:55:37.352000+00:00,3,26.304377350184613,88.05804058016953,0.8644104,991.91565,-0.5943146,0.27572513,5.388039,-0.29079008,2020-03-07 16:55:37.352
255,-28.682373,2020-03-06 16:58:05.629000+00:00,3,28.890617838045788,88.09689636828075,4.6218414,690.9153,3.1080322,0.25292808,8.75754,6.375225,2020-03-06 16:58:05.629
256,-28.746292,2020-03-17 10:50:14.159000+00:00,3,12.335380311721588,86.78503866843076,4.117218,878.0446,3.2801971,0.22880824,6.4784603,5.5106554,2020-03-17 10:50:14.159
258,-35.263657,2020-03-05 16:54:39.844000+00:00,3,30.763887690897008,88.09582201874298,8.800476,615.3349,7.1581116,0.21130186,4.1956754,1.4722795,2020-03-05 16:54:39.844
260,-24.476997,2020-03-25 04:55:12.419000+00:00,3,14.549742258371467,86.14258003014456,9.918922,928.75433,9.074066,0.2394803,7.582303,4.329466,2020-03-25 04:55:12.419
264,-35.88919,2020-03-01 10:55:24.641000+00:00,3,31.394899041723136,88.22344709616868,8.900833,507.7755,8.071579,0.30256867,2.9028037,1.1959188,2020-03-01 10:55:24.641
265,-37.601257,2020-03-09 16:53:10.689000+00:00,3,23.999909740362423,87.85811560780141,10.919815,1165.8059,10.564362,0.2687441,7.179266,4.1008654,2020-03-09 16:53:10.689
266,-28.511963,2020-03-23 17:01:59.895000+00:00,3,15.791998269907573,86.20842062696705,28.927612,30369.959,8.505844,0.20609048,4.7843943,-2.1105425,2020-03-23 17:01:59.895
268,-37.4588,2020-03-02 04:50:26.349000+00:00,3,31.218834119972303,88.1992364982098,9.563507,809.2947,9.064331,0.2863319,3.8740482,-1.413486,2020-03-02 04:50:26.349
269,-38.065086,2020-03-10 16:54:01.991000+00:00,3,24.906176921514295,87.71355926854932,11.225853,1170.6154,9.74762,0.2544963,5.887048,0.7246733,2020-03-10 16:54:01.991
270,-31.025726,2020-03-18 10:48:22.594000+00:00,3,12.131884161152556,86.69439690316244,6.3647156,733.0063,5.1161346,0.22448358,5.444546,2.879353,2020-03-18 10:48:22.594
271,-34.04106,2020-03-08 16:50:47.674000+00:00,3,24.779448346292877,87.99722850617124,9.589935,1582.6074,6.014221,0.1856617,3.371793,2.4001591,2020-03-08 16:50:47.674
272,-22.92601,2020-03-19 10:50:33.249000+00:00,3,13.223671997510676,86.54890742555155,8.280746,724.08417,7.597931,0.5009878,10.202096,12.662604,2020-03-19 10:50:33.249
273,-25.882843,2020-03-11 16:44:55.218000+00:00,3,23.89418494540293,87.64925034876602,2.423767,587.0651,1.4010925,0.7440844,9.208985,0.8480997,2020-03-11 16:44:55.218
275,-22.547241,2020-03-21 22:52:01.710000+00:00,3,15.515012509771408,86.23983193994447,3.0141296,1575.6674,1.0691986,0.28812957,5.883325,9.742846,2020-03-21 22:52:01.710
277,-35.291702,2020-03-03 10:50:49.890000+00:00,3,30.50813515019484,88.13610437905801,5.9285126,1122.812,6.8737183,0.2766722,3.0978086,1.639643,2020-03-03 10:50:49.890
280,-36.96495,2020-03-01 04:50:30.744000+00:00,3,31.410230546143826,88.23355702625648,10.349335,938.99554,9.509018,0.31587222,3.437402,-3.0315163,2020-03-01 04:50:30.744
281,-35.93988,2020-03-02 10:57:52.113000+00:00,3,31.08689775238763,88.18827732159069,7.115753,765.4919,5.844452,0.26538983,4.79455,-0.025660515,2020-03-02 10:57:52.113
284,-25.308228,2020-03-25 22:46:34.270000+00:00,3,13.331736643092864,86.06315089078448,11.822693,676.26746,11.7651825,0.21219428,6.504092,9.020475,2020-03-25 22:46:34.270
285,-26.165192,2020-03-26 16:55:10.575000+00:00,3,13.093406425095456,85.97051281795753,12.904755,1013.84515,12.35376,0.19970842,8.069847,1.5361824,2020-03-26 16:55:10.575
287,-26.641922,2020-03-26 22:58:42.779000+00:00,3,13.143108547779839,85.93140810822241,11.984238,1115.071,11.659927,0.21519575,12.815778,-3.9661207,2020-03-26 22:58:42.779
289,-31.508102,2020-03-06 04:54:02.900000+00:00,3,30.29534017347945,88.10102927154811,4.7587585,619.8457,3.4750366,0.2652268,7.498387,2.8900962,2020-03-06 04:54:02.900
290,-36.981827,2020-03-05 10:49:19.456000+00:00,3,30.816097610089432,88.09306351455244,10.578491,850.0893,8.764862,0.22065341,3.7955759,1.9737151,2020-03-05 10:49:19.456
292,-30.433563,2020-03-23 23:26:25.973000+00:00,3,15.727645545284274,86.20271540463106,21.089355,27951.734,9.36467,0.23064038,1.969556,2.4813108,2020-03-23 23:26:25.973
293,-36.600433,2020-03-05 04:54:30.243000+00:00,3,30.78856101056685,88.09059699128046,10.227203,861.6161,8.8736725,0.22673413,3.4537163,2.6533656,2020-03-05 04:54:30.243
294,-30.12593,2020-03-17 16:53:45.594000+00:00,3,12.202766816447292,86.7635096898661,4.8668213,739.4219,4.1078186,0.18503387,5.6031337,6.4988647,2020-03-17 16:53:45.594
295,-28.501526,2020-03-07 10:54:00.822000+00:00,3,26.842991849040818,88.06960763501125,3.3522034,1091.6416,2.8234406,0.23986149,6.2393613,2.8812795,2020-03-07 10:54:00.822
296,-27.047157,2020-03-16 16:49:06.055000+00:00,3,12.66290519418403,86.86594388508941,1.957344,1003.93317,1.8743134,0.26486278,7.487342,11.008193,2020-03-16 16:49:06.055
297,-36.372032,2020-03-04 04:53:09.893000+00:00,3,30.37694049801729,88.10488209011251,7.744072,628.4664,6.8796234,0.23985265,2.735661,2.8960247,2020-03-04 04:53:09.893
301,-26.694946,2020-03-27 16:48:35.272000+00:00,3,13.428230913931229,85.78145670972549,9.927155,564.1989,9.007477,0.32980806,15.500356,-2.7342386,2020-03-27 16:48:35.272
303,-31.132126,2020-03-24 16:59:39.867000+00:00,3,15.342987281213533,86.18437921263124,14.2747345,1434.5695,13.134567,0.2185652,6.6891994,-0.2253747,2020-03-24 16:59:39.867
306,-37.636215,2020-03-09 22:55:36.491000+00:00,3,24.1135958619887,87.82028971322379,11.385925,1246.0831,11.16066,0.66875833,12.1996,-1.3555956,2020-03-09 22:55:36.491
307,-29.847366,2020-03-31 04:50:43.813000+00:00,3,13.646491851656087,85.33347239636718,10.319397,817.8903,9.270493,0.25522768,7.404456,8.000755,2020-03-31 04:50:43.813
308,-22.592133,2020-03-28 04:55:29.197000+00:00,3,13.394308255964972,85.65682772615988,6.9311523,795.1415,6.2091064,0.2535171,11.157591,1.6055002,2020-03-28 04:55:29.197
310,-29.165886,2020-03-30 04:59:17.870000+00:00,3,13.159126910876282,85.37964000744864,9.810188,681.17267,8.492783,0.21445511,4.9451513,2.7896285,2020-03-30 04:59:17.870
311,-27.556824,2020-03-22 16:51:27.717000+00:00,3,15.782951820043303,86.22532615412743,10.005844,906.2038,9.433624,0.2783178,3.310287,2.4911451,2020-03-22 16:51:27.717
313,-24.833313,2020-03-29 05:00:20.247000+00:00,3,13.231837168027026,85.46546829946227,9.369324,926.34033,9.155853,0.7580388,8.803998,0.094498634,2020-03-29 05:00:20.247
314,-28.995811,2020-03-30 10:50:27.405000+00:00,3,13.193279864172231,85.3768858161694,8.927956,399.49857,7.9445343,0.2111932,3.6116323,5.03006,2020-03-30 10:50:27.405
316,-24.756012,2020-03-29 10:52:00.655000+00:00,3,13.21339126639799,85.43144647945245,8.810608,1054.4285,8.309479,0.25330693,8.324152,2.4954462,2020-03-29 10:52:00.655
317,-25.054153,2020-03-11 22:49:59.368000+00:00,3,23.20831429514825,87.62011178462105,1.7348785,1851.1538,0.36643982,0.27366292,9.013794,9.201014,2020-03-11 22:49:59.368
318,-23.383972,2020-03-19 23:10:12.238000+00:00,3,14.215510298801146,86.43220630700293,5.887451,1524.0626,4.842087,0.35975498,13.065202,2.7156878,2020-03-19 23:10:12.238
320,-28.675583,2020-03-12 23:14:39.317000+00:00,3,20.097265213699824,87.43340077108226,5.4338837,1300.298,4.8364105,0.32038736,14.385989,15.218198,2020-03-12 23:14:39.317
321,-26.629112,2020-03-20 16:53:49.671000+00:00,3,14.829506526125579,86.30694458363807,21.653465,30526.89,4.92453,0.14451335,5.948735,4.152338,2020-03-20 16:53:49.671
322,-24.339241,2020-03-25 10:55:02.190000+00:00,3,14.026313130469328,86.11623064947831,12.110725,782.71747,10.190414,0.22778283,20.53982,-12.572168,2020-03-25 10:55:02.190
323,-26.4691,2020-03-26 04:55:03.043000+00:00,3,13.171906280997375,86.0352109484482,11.781509,1288.6537,10.85939,0.18971008,7.9777694,3.5321565,2020-03-26 04:55:03.043
324,-28.817535,2020-03-06 22:51:52.445000+00:00,3,28.176309914366605,88.08952883535396,3.7998505,793.7578,2.25766,0.24801023,8.714612,2.975751,2020-03-06 22:51:52.445
325,-27.908127,2020-03-24 10:51:46.370000+00:00,3,15.571999119429748,86.19319756796764,14.749954,28578.572,7.811447,0.19747286,3.3397236,-2.4162855,2020-03-24 10:51:46.370
326,-36.4777,2020-03-05 22:51:36.883000+00:00,3,30.620200482341485,88.09975645674437,9.562889,868.23145,8.326126,0.22444703,7.415629,0.80738115,2020-03-05 22:51:36.883
328,-35.452705,2020-03-04 22:51:36.230000+00:00,3,30.724498296614364,88.09065482731201,8.787621,1372.862,9.180206,0.20305339,4.933632,1.8274174,2020-03-04 22:51:36.230
329,-30.192802,2020-03-24 04:54:56.496000+00:00,3,15.686256001747902,86.19876622837225,18.068352,28611.242,8.5781555,0.19348218,2.570269,1.6267514,2020-03-24 04:54:56.496
332,-27.026672,2020-03-26 10:52:41.526000+00:00,3,13.089793634560342,86.00481429853667,13.168304,1237.3414,13.190155,0.1875457,7.2532783,2.288712,2020-03-26 10:52:41.526
333,-36.30774,2020-03-01 22:42:14.813000+00:00,3,31.351083520826677,88.2080137493845,8.55249,783.2337,8.878708,0.30466932,3.204546,-2.9368782,2020-03-01 22:42:14.813
334,-27.567482,2020-03-23 04:54:37.722000+00:00,3,15.819872924240418,86.21661317562574,11.568947,29894.95,8.63736,0.2712392,2.1527395,-1.962095,2020-03-23 04:54:37.722
335,-25.41053,2020-03-31 16:52:42.079000+00:00,3,14.359167534282998,85.26241238679465,6.1673203,1192.3304,6.0925293,0.3181755,10.287249,15.457245,2020-03-31 16:52:42.079
337,-22.307747,2020-03-20 10:50:18.456000+00:00,3,14.771788505265157,86.3370065547593,1.5552444,1398.996,0.5863037,0.22749296,8.025131,13.267923,2020-03-20 10:50:18.456
338,-28.804062,2020-03-30 16:54:40.827000+00:00,3,13.282623000616182,85.37002721710596,8.152771,454.1312,6.680191,0.17867112,5.072469,6.5690637,2020-03-30 16:54:40.827
339,-23.970215,2020-03-22 04:55:17.837000+00:00,3,15.635493721692717,86.23269097303779,6.4544067,1330.648,3.7053375,0.29843894,4.5492125,10.031312,2020-03-22 04:55:17.837
340,-28.228958,2020-03-08 04:55:23.311000+00:00,3,25.417636702913274,88.03220212826716,3.015808,1571.4846,-1.2674713,0.20107666,4.071704,-2.3654866,2020-03-08 04:55:23.311
341,-34.366516,2020-03-02 22:38:25.120000+00:00,3,30.76386475964416,88.16283843929962,5.2722626,1101.9655,5.3933563,0.27919322,3.3549206,1.8256829,2020-03-02 22:38:25.120
342,-25.171982,2020-03-29 16:51:53.523000+00:00,3,13.17586647431254,85.40213674259437,8.383713,629.85187,7.7733917,0.23305042,8.018812,0.56210804,2020-03-29 16:51:53.523
344,-25.190163,2020-03-22 10:54:19.895000+00:00,3,15.707259678470662,86.22758185009917,7.6022263,1420.24,6.6131134,0.28244483,4.2428904,4.4732943,2020-03-22 10:54:19.895
345,-28.213928,2020-03-21 04:54:36.509000+00:00,3,15.091137353272396,86.26936428047085,7.8128967,1013.54834,7.246765,0.17041376,6.1961346,0.3610301,2020-03-21 04:54:36.509
346,-26.407852,2020-03-23 10:53:39.297000+00:00,3,15.80700711212872,86.21181446370215,21.947311,30535.676,6.8792267,0.25626603,1.1274564,0.51757944,2020-03-23 10:53:39.297
348,-36.960815,2020-02-29 22:42:21.231000+00:00,2,31.512236169687274,88.24817383567085,11.004501,961.4471,9.853897,0.28749752,4.1920896,-1.439256,2020-02-29 22:42:21.231
350,-25.213837,2019-12-11 22:51:32.993000+00:00,12,120.31779395712,86.59307261476508,11.399506,1389.38,11.398468,0.10591242,4.492627,-0.5457325,2019-12-11 22:51:32.993
352,-34.19655,2019-12-31 10:47:12.488000+00:00,12,117.87727983555737,86.58804271102048,10.90535,865.31354,10.6107025,0.2186275,2.9160347,3.2024827,2019-12-31 10:47:12.488
356,-31.785675,2019-12-31 04:53:04.144000+00:00,12,117.75659553329804,86.57959126820484,10.114792,1486.9874,8.974808,0.2658362,3.3982913,1.8225577,2019-12-31 04:53:04.144
357,-26.707382,2019-12-23 16:50:49.751000+00:00,12,113.26005994341826,86.63573376844731,12.852188,474.58835,10.361572,0.22632709,4.9980383,1.9941764,2019-12-23 16:50:49.751
363,-25.565292,2019-12-30 04:54:09.364000+00:00,12,116.44098082478976,86.613263437392,3.347702,1731.5955,3.0838776,0.29615304,7.2840123,-0.673141,2019-12-30 04:54:09.364
366,-18.577026,2019-12-16 22:53:24.620000+00:00,12,115.3971651651623,86.606259218196,6.647217,1629.7865,5.334137,0.24532984,4.1971455,9.7626095,2019-12-16 22:53:24.620
371,-30.997055,2019-12-27 16:55:00.795000+00:00,12,115.91995116750057,86.67931877942212,7.341919,1099.747,6.979126,0.21614014,2.3154535,-0.81526744,2019-12-27 16:55:00.795
372,-20.258759,2019-12-13 22:51:25.782000+00:00,12,118.74985599037831,86.60255456285492,8.597656,1103.8552,7.530884,0.31241637,1.5345238,4.6831813,2019-12-13 22:51:25.782
373,-26.828644,2019-12-22 10:52:05.608000+00:00,12,112.63571508489825,86.67224739399981,12.057709,1204.7798,11.629974,0.2422251,2.7328758,7.23046,2019-12-22 10:52:05.608
379,-21.99089,2019-12-23 04:54:44.285000+00:00,12,113.00571457769315,86.64926921824927,7.2649384,933.57086,6.233139,0.25252572,4.5483046,2.3296223,2019-12-23 04:54:44.285
382,-26.45697,2019-12-20 10:53:01.044000+00:00,12,112.59132826754,86.68018907894391,11.605591,1161.3842,10.703873,0.26288736,1.225808,4.505394,2019-12-20 10:53:01.044
385,-27.158768,2019-12-30 16:54:35.994000+00:00,12,117.20367830660233,86.58505499332172,6.3117676,1206.0815,6.1869507,0.25278836,6.9140573,-1.1465793,2019-12-30 16:54:35.994
386,-35.373154,2019-12-28 22:52:57.703000+00:00,12,115.64574996852436,86.66222413652999,11.065781,1001.4255,10.211746,0.23465928,3.0139318,1.3730307,2019-12-28 22:52:57.703
387,-19.725677,2019-12-21 10:53:49.376000+00:00,12,112.40771627413888,86.68806144748947,3.5934143,1400.3047,3.4487915,0.21838355,1.1666751,2.0905528,2019-12-21 10:53:49.376
389,-27.398445,2019-12-24 04:53:48.666000+00:00,12,113.64232634958293,86.62760530824973,12.167244,749.74506,10.962158,0.24172938,5.2451572,3.5195026,2019-12-24 04:53:48.666
391,-28.57219,2019-12-27 10:50:05.655000+00:00,12,115.96133379931905,86.67883139149058,5.7534027,1301.7921,6.7030487,0.23025782,1.9524422,1.3800099,2019-12-27 10:50:05.655
392,-15.325043,2019-12-03 22:52:26.900000+00:00,12,117.40023947374975,86.07174581076482,4.6467285,1275.3257,4.361206,0.30791432,7.8127956,5.64017,2019-12-03 22:52:26.900
394,-26.637207,2019-12-26 10:51:14.928000+00:00,12,115.86116761964611,86.65261523573236,4.123947,1341.8787,4.108734,0.20623244,5.9100347,0.9402361,2019-12-26 10:51:14.928
397,-28.857407,2019-12-26 04:53:55.885000+00:00,12,115.62776020766808,86.6452114525682,7.916458,1184.5349,7.753937,0.2043499,5.6537313,4.963953,2019-12-26 04:53:55.885
398,-28.225166,2019-12-24 10:52:53.510000+00:00,12,113.89072851401988,86.6247679846934,12.507118,710.2522,10.21933,0.39493752,3.633289,6.605672,2019-12-24 10:52:53.510
399,-26.734085,2019-12-27 04:53:32.395000+00:00,12,116.0046244687463,86.67582828635592,5.0285797,1191.4506,4.5382385,0.23663446,3.1739948,1.3848879,2019-12-27 04:53:32.395
402,-18.287674,2019-12-05 16:57:51.752000+00:00,12,121.56431979345747,86.1458107173812,2.2281952,1079.7957,1.5938263,0.31187856,7.272247,4.122909,2019-12-05 16:57:51.752
403,-30.407059,2019-12-15 10:54:49.217000+00:00,12,117.98801940515843,86.6194506081121,15.733231,1716.064,15.406021,0.3486851,3.7669713,-1.1097791,2019-12-15 10:54:49.217
404,-16.454422,2019-12-04 16:53:42.205000+00:00,12,119.27110068043417,86.11932175826708,3.7315521,1242.555,3.2964783,0.3062132,5.4773226,8.178031,2019-12-04 16:53:42.205
405,-21.433441,2019-12-16 05:20:25.263000+00:00,12,117.08960617631656,86.60725336911685,9.978729,1211.9948,9.455322,0.3358586,7.882071,5.8667617,2019-12-16 05:20:25.263
406,-28.108856,2019-12-15 04:54:07.321000+00:00,12,118.11811688044077,86.61970310013444,13.093994,1356.5096,13.027557,0.2340762,2.320253,2.0351248,2019-12-15 04:54:07.321
407,-25.294373,2019-12-07 16:52:18.578000+00:00,12,122.00868190534936,86.17858280976141,6.4418488,1495.3984,5.7671814,0.17332965,7.2177353,5.629815,2019-12-07 16:52:18.578
410,-22.275146,2019-12-14 04:52:28.402000+00:00,12,118.59159802230475,86.60841587413772,8.335144,1223.6205,8.099426,0.32638398,1.8569739,1.4843845,2019-12-14 04:52:28.402
412,-18.501953,2019-12-08 10:47:31.803000+00:00,12,121.31571716436922,86.2870336654838,1.3558044,724.58325,0.09208679,0.13076769,10.321243,1.4728928,2019-12-08 10:47:31.803
416,-20.105896,2019-12-01 16:53:32.549000+00:00,12,113.30863310523063,85.93528818498558,2.1333618,354.19058,0.23712158,0.12735273,6.370784,3.395749,2019-12-01 16:53:32.549
417,-24.37967,2019-12-13 04:58:32.717000+00:00,12,119.41927235364017,86.59234171892044,12.078461,763.57715,11.230652,0.2675762,4.974033,3.9830718,2019-12-13 04:58:32.717
419,-19.997025,2019-12-10 11:13:15.404000+00:00,12,121.04317382775973,86.50543660195079,9.392471,205.22221,3.3267975,0.17547226,6.0176034,0.37247086,2019-12-10 11:13:15.404
420,-32.36641,2019-12-27 22:51:24.507000+00:00,12,115.8636676954545,86.67998693322217,8.310913,1081.6063,8.031296,0.19285631,1.8056177,-1.0143093,2019-12-27 22:51:24.507
421,-22.775894,2019-12-09 04:59:28.786000+00:00,12,121.00171292038388,86.38199853266971,6.9533844,700.22675,3.7749634,0.21961033,7.508155,1.4105434,2019-12-09 04:59:28.786
422,-24.55307,2019-12-13 10:53:33.203000+00:00,12,119.16573950847629,86.59446205242483,13.942535,893.6789,13.171112,0.28819737,4.058835,2.1098852,2019-12-13 10:53:33.203
427,-20.47284,2019-12-08 04:52:47.829000+00:00,12,121.45046017655402,86.2519868557957,0.2310791,1161.7795,0.03982544,0.18117794,6.8729305,15.752731,2019-12-08 04:52:47.829
428,-27.741562,2019-12-29 22:50:42.601000+00:00,12,116.12065573132449,86.62313360981008,4.5614777,184.16948,4.1579742,0.27302825,7.931194,-3.7097316,2019-12-29 22:50:42.601
429,-15.799469,2019-12-03 16:49:34.800000+00:00,12,116.77527345227969,86.04725088834132,1.9728394,1645.6086,0.25674438,0.23676124,7.331831,9.5149765,2019-12-03 16:49:34.800
430,-24.802048,2019-12-11 04:54:09.907000+00:00,12,120.82108339759588,86.56075707582622,10.094559,532.7287,7.54335,0.11767489,5.6915073,2.994237,2019-12-11 04:54:09.907
431,-25.092133,2019-12-06 11:11:29.093000+00:00,12,122.29802806147138,86.13921325295047,8.6474,958.02106,7.51474,0.21854806,3.1141057,1.0871034,2019-12-06 11:11:29.093
433,-16.886292,2019-12-05 04:55:58.068000+00:00,12,120.48306660963739,86.13895863851108,3.0487976,2306.402,0.9347534,0.30279824,5.083911,6.750551,2019-12-05 04:55:58.068
434,-27.588959,2019-12-23 22:53:33.324000+00:00,12,113.44507213677099,86.63062492558824,13.9322815,772.3981,10.945923,0.24952704,7.1200876,2.3057928,2019-12-23 22:53:33.324
435,-23.633972,2019-12-07 10:57:53.822000+00:00,12,122.12832709715765,86.16338618400667,4.3938904,817.8997,2.9278564,0.14989683,3.533516,4.5418463,2019-12-07 10:57:53.822
436,-25.587936,2019-12-24 22:51:04.420000+00:00,12,114.4313136234104,86.62195125469763,10.124893,508.77118,6.9031982,0.22738898,4.5822897,5.3426504,2019-12-24 22:51:04.420
439,-20.234772,2019-12-25 22:57:45.580000+00:00,12,115.39926025426166,86.63712657582023,0.7072449,1098.5438,-0.92759705,0.19512749,3.5222285,4.9490395,2019-12-25 22:57:45.580
442,-15.528168,2019-12-04 11:02:50.177000+00:00,12,118.6778797815694,86.10515504957407,4.270569,1446.0928,4.003296,0.25986087,7.39794,6.913996,2019-12-04 11:02:50.177
443,-23.12571,2019-12-06 04:49:47.460000+00:00,12,122.191027154671,86.14094513474836,6.13575,942.38544,5.573822,0.23808932,5.0026174,4.3973413,2019-12-06 04:49:47.460
447,-21.701431,2019-12-20 22:51:17.721000+00:00,12,112.47307144515744,86.68596474538151,6.5415497,1318.2278,6.469162,0.27809456,0.7154768,3.6448724,2019-12-20 22:51:17.721
449,-15.962677,2019-12-03 10:48:51.335000+00:00,12,116.13632593612296,86.0212413950703,0.0,4.8123684,-1.5038452,0.28362462,16.831896,10.841187,2019-12-03 10:48:51.335
450,-20.647583,2019-12-19 04:53:02.238000+00:00,12,113.0781643824756,86.68103081070493,7.0843506,679.881,5.7758484,0.2651298,1.7904432,7.5561085,2019-12-19 04:53:02.238
451,-22.808853,2019-12-01 04:50:14.916000+00:00,12,112.94225774872393,85.97676099198172,5.272934,349.57944,1.7634277,0.21028017,6.416981,5.8799195,2019-12-01 04:50:14.916
452,-21.870377,2019-12-13 16:53:00.561000+00:00,12,118.94301663259239,86.59800299539758,11.0569,1013.0511,9.384445,0.32010058,2.143616,5.01486,2019-12-13 16:53:00.561
455,-27.020676,2019-12-02 10:54:27.037000+00:00,12,113.93378776475075,85.92577713818551,10.9796295,374.54053,8.34848,0.16677448,6.7493377,3.9323516,2019-12-02 10:54:27.037
457,-23.776688,2019-12-09 18:14:53.430000+00:00,12,120.91033723743381,86.43874164533636,7.157547,345.57153,1.8677216,0.11739766,7.705607,3.472793,2019-12-09 18:14:53.430
459,-25.896431,2019-12-02 04:52:59.003000+00:00,12,113.68980679955429,85.92284762137099,10.181343,655.11633,7.5545197,0.121138476,5.7099094,4.904422,2019-12-02 04:52:59.003
461,-17.835197,2019-12-22 22:53:12.429000+00:00,12,112.88244213995087,86.65775674765443,3.9817429,351.18622,0.6715851,0.24905325,5.8091145,1.8623066,2019-12-22 22:53:12.429
462,-22.217873,2019-12-08 16:52:39.736000+00:00,12,121.19486667990597,86.32399680269467,6.476509,879.2431,4.6021423,0.16534695,6.282138,8.677745,2019-12-08 16:52:39.736
463,-27.327393,2019-12-21 22:53:31.650000+00:00,12,112.45751280424422,86.68251860431724,12.088837,1168.1992,11.621155,0.23484524,3.1309283,3.4911416,2019-12-21 22:53:31.650
464,-21.824097,2019-12-19 10:50:25.168000+00:00,12,112.97700079343595,86.6788354412062,9.051544,494.83774,5.8151855,0.24041493,1.0270169,7.084817,2019-12-19 10:50:25.168
465,-17.0083,2019-12-03 04:53:31.347000+00:00,12,115.46406587265542,85.99378533773019,1.6338806,442.10596,-1.3273926,0.25991732,13.8625145,13.739828,2019-12-03 04:53:31.347
466,-26.145477,2019-12-11 16:55:01.717000+00:00,12,120.51091831703982,86.58537666293661,11.969421,703.9371,11.294312,0.1297607,6.329174,-1.7250867,2019-12-11 16:55:01.717
503,-26.947723,2020-01-06 16:59:31.664000+00:00,1,115.08682549262552,87.10876549173406,8.507095,615.1297,3.9609985,0.27499232,4.1227818,-0.47644353,2020-01-06 16:59:31.664
505,-23.567368,2020-01-17 10:47:56.395000+00:00,1,99.30071025043925,87.50608152353628,2.505783,1021.3786,2.527008,0.30927736,6.0219655,3.2004733,2020-01-17 10:47:56.395
506,-27.5764,2020-01-15 04:53:58.958000+00:00,1,103.86836398169483,87.45227607624558,6.109894,158.70645,5.7726593,0.31508717,7.997529,5.572219,2020-01-15 04:53:58.958
507,-28.431503,2020-01-07 16:52:48.400000+00:00,1,115.04496683632527,87.1191327327889,11.647842,276.90326,4.630478,0.32394072,5.0149307,-3.0950975,2020-01-07 16:52:48.400
514,-28.784714,2020-01-05 16:51:13.957000+00:00,1,115.3393812995642,87.07996924625894,10.20845,735.11414,8.350662,0.2594036,2.182871,0.08655405,2020-01-05 16:51:13.957
516,-23.243591,2020-01-08 04:55:31.450000+00:00,1,115.22323634248583,87.11134039193789,5.9176025,163.91919,1.4627075,0.3339274,4.1285143,-2.9336777,2020-01-08 04:55:31.450
519,-32.854645,2020-01-11 04:54:23.116000+00:00,1,111.5349995359216,87.20703847341828,9.428757,387.07672,8.07634,0.23746431,6.6381364,5.6593785,2020-01-11 04:54:23.116
521,-27.887627,2020-01-13 10:47:14.483000+00:00,1,107.16311146964924,87.33386741737347,7.9452133,916.1371,6.9250183,0.75715315,7.645496,8.869423,2020-01-13 10:47:14.483
522,-27.613914,2020-01-09 04:55:21.689000+00:00,1,114.63565709726389,87.13407826340503,9.17617,227.57977,5.9090424,0.24762522,4.331583,7.145357,2020-01-09 04:55:21.689
523,-33.305267,2020-01-27 22:46:30.406000+00:00,1,95.91538593329345,87.44901691640352,10.720474,1558.1499,9.145706,0.26986396,3.0782301,6.6925783,2020-01-27 22:46:30.406
524,-34.85739,2020-01-30 22:48:13.494000+00:00,1,96.46932148242772,87.42878777631951,11.888412,1329.9626,11.493439,0.2988376,1.5065167,8.095349,2020-01-30 22:48:13.494
525,-28.489029,2020-01-10 05:00:33.247000+00:00,1,113.21018824458348,87.16634105733002,8.342209,634.17554,6.5807953,0.23745471,8.544213,8.271188,2020-01-10 05:00:33.247
526,-23.8292,2020-01-02 16:57:55.197000+00:00,1,116.255485881264,86.85005284344753,6.0392227,1672.0782,3.4696808,0.30799264,9.961093,1.5164957,2020-01-02 16:57:55.197
527,-28.021698,2020-01-09 10:53:30.379000+00:00,1,114.30422437364274,87.14336505168424,8.6905365,606.5093,7.4697723,0.2665814,6.9809856,5.825717,2020-01-09 10:53:30.379
530,-25.94867,2020-01-18 16:54:45.537000+00:00,1,98.33707400388616,87.39556025765859,6.1617126,1390.5933,5.86792,0.32279366,2.6285684,6.556055,2020-01-18 16:54:45.537
533,-22.62915,2020-01-08 10:49:49.972000+00:00,1,115.20367039404017,87.11290298898312,5.2970734,207.22855,0.8511963,0.3320996,1.9206512,-0.53661156,2020-01-08 10:49:49.972
534,-30.956299,2020-01-11 10:53:41.216000+00:00,1,111.12123714862776,87.2217821396291,8.313187,987.5996,7.2604523,0.24759904,6.4972568,10.825214,2020-01-11 10:53:41.216
536,-22.795471,2020-01-26 22:56:59.490000+00:00,1,94.93673451930337,87.43154038714106,5.1120453,721.785,1.3195343,0.2588396,6.5318656,7.5798755,2020-01-26 22:56:59.490
537,-26.265137,2020-01-06 04:54:01.717000+00:00,1,115.27668422185464,87.0972106895436,8.237534,763.0799,4.2122498,0.27709416,1.5367383,0.61673033,2020-01-06 04:54:01.717
539,-27.575874,2020-01-05 10:49:19.463000+00:00,1,115.3225920878296,87.06797651351344,8.453636,668.657,8.161697,0.22286078,3.545532,-1.9928916,2020-01-05 10:49:19.463
541,-27.527039,2020-01-07 04:54:29.527000+00:00,1,114.93791123208838,87.11948443368604,9.636017,509.6759,4.4140472,0.2153887,4.4938307,-1.2129247,2020-01-07 04:54:29.527
544,-25.217743,2020-01-04 04:54:20.250000+00:00,1,115.4538061282978,86.98260521528529,8.569763,821.41534,7.197815,0.3088959,6.496579,6.7042055,2020-01-04 04:54:20.250
547,-26.512627,2020-01-06 10:51:30.352000+00:00,1,115.1933647897189,87.1029061076985,8.787178,655.12506,4.5090637,0.26859865,2.6434717,0.2969916,2020-01-06 10:51:30.352
548,-29.162354,2020-01-23 22:51:23.227000+00:00,1,93.48043612861399,87.42884293362734,10.35437,824.2251,8.309418,0.31646883,4.9990926,-0.031405926,2020-01-23 22:51:23.227
551,-26.861427,2020-01-08 16:58:59.188000+00:00,1,115.08407362632254,87.1182043346047,8.071434,451.8352,5.2584534,0.28565955,1.3326511,6.501152,2020-01-08 16:58:59.188
553,-30.64766,2020-01-11 16:50:49.907000+00:00,1,110.7680555632946,87.23743169158541,8.892044,666.85376,6.4157257,0.24362203,8.240038,9.435947,2020-01-11 16:50:49.907
554,-31.378677,2020-01-19 10:49:53.957000+00:00,1,98.4043853678937,87.39870955281606,12.69989,503.16135,11.684738,0.252093,3.2300186,-2.1666565,2020-01-19 10:49:53.957
556,-28.06369,2020-01-09 16:57:08.717000+00:00,1,113.95537968058593,87.15302875799756,9.386475,985.69464,7.481552,0.23677096,6.706978,6.1098013,2020-01-09 16:57:08.717
557,-29.640549,2020-01-01 11:08:09.233000+00:00,1,117.9772060089884,86.70043710091312,8.51445,891.2745,8.306732,0.17613263,9.053037,4.168764,2020-01-01 11:08:09.233
559,-22.980667,2020-01-18 10:55:05.072000+00:00,1,98.28261621104562,87.40447859160764,4.398239,1237.8612,2.7214813,0.29384777,4.5245028,-2.0139744,2020-01-18 10:55:05.072
560,-31.845139,2020-01-10 16:54:12.193000+00:00,1,112.38860585009925,87.1855538103741,10.056107,1022.7791,9.203232,0.23131233,5.1577115,7.625769,2020-01-10 16:54:12.193
561,-27.696136,2020-01-02 04:55:15.614000+00:00,1,117.04299524620939,86.79097332813716,6.607971,1010.74805,6.048996,0.30686402,9.036047,4.19493,2020-01-02 04:55:15.614
562,-27.798706,2020-01-19 22:45:11.623000+00:00,1,97.98472404180296,87.41946853124132,11.382629,793.2528,7.1618347,0.23837562,2.9000473,7.129033,2020-01-19 22:45:11.623
563,-29.366714,2020-01-01 05:44:27.397000+00:00,1,118.08910205545524,86.66912212001655,9.477844,594.4777,8.502563,0.16316131,8.8632765,4.810096,2020-01-01 05:44:27.397
564,-23.536781,2020-01-13 17:06:00.094000+00:00,1,106.54353929378229,87.35497601085792,6.1851273,973.7692,5.318527,0.46553868,8.761362,3.1621675,2020-01-13 17:06:00.094
567,-31.593124,2020-01-12 16:52:31.916000+00:00,1,109.02003110619388,87.28356199260732,9.940475,876.8461,8.7061615,0.2640203,7.3805494,3.522769,2020-01-12 16:52:31.916
570,-28.021347,2020-01-03 10:52:35.700000+00:00,1,115.70989295934653,86.91135745846076,10.1440735,650.61316,8.416901,0.25179514,5.269215,-0.15485096,2020-01-03 10:52:35.700
571,-27.353577,2020-01-22 16:58:04.771000+00:00,1,94.69761571705409,87.46976138437115,6.7807617,400.6109,4.721466,0.35005638,3.2859964,3.1696835,2020-01-22 16:58:04.771
572,-13.702759,2020-01-30 04:51:44.257000+00:00,1,96.14524451660581,87.47956363425611,3.3438416,303.06943,-0.19293213,0.3498797,5.7686157,8.905297,2020-01-30 04:51:44.257
573,-32.8487,2020-01-10 22:47:29.068000+00:00,1,111.99071789588854,87.19535529824718,10.994438,968.7564,9.983353,0.2341133,6.3006926,4.49115,2020-01-10 22:47:29.068
574,-23.68702,2020-01-07 22:54:17.354000+00:00,1,115.16032929589876,87.11513348122665,6.388542,320.81256,-0.9029083,0.30797052,4.005457,-1.5573416,2020-01-07 22:54:17.354
575,-23.657288,2020-01-29 04:52:04.123000+00:00,1,95.26424620564623,87.47094922931116,5.925995,825.328,2.5250092,0.32608366,5.7563457,-1.2291665,2020-01-29 04:52:04.123
576,-28.731209,2020-01-09 22:49:09.952000+00:00,1,113.6346310057034,87.1608824101966,8.8005905,795.85706,7.7955627,0.24984753,5.0400248,8.224156,2020-01-09 22:49:09.952
577,-31.49675,2020-01-31 04:52:33.869000+00:00,1,96.49123828191955,87.43380775274218,9.79985,1130.7241,9.4361725,0.32218537,4.164407,9.782962,2020-01-31 04:52:33.869
578,-30.10807,2020-01-23 17:05:57.682000+00:00,1,93.75142448947102,87.43387426852688,10.261925,717.97595,8.974747,0.33045706,4.659183,2.4651399,2020-01-23 17:05:57.682
581,-25.508911,2020-01-31 10:53:36.463000+00:00,1,96.37631597565804,87.4579403327821,9.154602,735.01636,8.1883545,0.32963625,9.331729,1.9520445,2020-01-31 10:53:36.463
582,-30.332947,2020-01-12 22:44:04.026000+00:00,1,108.49144544238057,87.29561309945385,10.448502,600.2952,8.10347,0.27977416,8.383503,6.2291374,2020-01-12 22:44:04.026
584,-33.310036,2020-01-28 10:49:41.822000+00:00,1,95.76557468815511,87.45503242646055,11.561317,640.59247,11.182053,0.25005743,2.1367903,3.119329,2020-01-28 10:49:41.822
585,-20.739037,2020-01-30 10:48:23.402000+00:00,1,96.52827197720951,87.46098215065552,1.0022049,1957.4633,-1.2938385,0.2367135,7.9980226,5.4598985,2020-01-30 10:48:23.402
587,-31.032776,2020-01-11 23:02:29.849000+00:00,1,110.3728280074704,87.25315788090869,9.837204,531.02826,5.967987,0.26932988,7.3905754,8.211467,2020-01-11 23:02:29.849
589,-32.917595,2020-01-27 16:53:33.396000+00:00,1,95.87208308650136,87.44792171460249,11.828896,1542.3167,10.719879,0.24182083,3.3044717,3.9707701,2020-01-27 16:53:33.396
590,-25.052872,2020-01-26 16:52:27.232000+00:00,1,94.27610293001821,87.42125151830629,5.5641327,613.12665,3.2080688,0.22861375,5.0995574,6.723964,2020-01-26 16:52:27.232
593,-23.323761,2020-01-16 22:52:10.383000+00:00,1,100.37075755033466,87.5573130292263,3.590866,565.5129,2.8997803,0.35312334,6.699416,5.1066036,2020-01-16 22:52:10.383
594,-30.064041,2020-01-24 16:55:38.397000+00:00,1,92.98959987154562,87.41527193447533,10.052765,424.56958,7.516983,0.33046588,4.6304407,0.87681866,2020-01-24 16:55:38.397
596,-32.247612,2020-01-30 17:02:00.167000+00:00,1,96.50766633261385,87.43736304892516,10.284584,1528.3871,8.399673,0.21277772,5.486382,6.2163815,2020-01-30 17:02:00.167
598,-21.320282,2020-01-29 16:52:44.317000+00:00,1,95.29477491751655,87.47319929337279,6.161316,1071.6921,4.791107,0.35639936,3.5431056,8.602322,2020-01-29 16:52:44.317
599,-29.004044,2020-01-21 10:56:36.518000+00:00,1,96.16136262264621,87.48909636519122,8.828293,909.6233,8.553696,0.25344113,7.3092937,2.605731,2020-01-21 10:56:36.518
600,-29.414673,2020-01-01 22:51:33.777000+00:00,1,117.3917563890065,86.75863785338382,7.810913,1121.697,7.524872,0.3020163,9.048196,7.0357466,2020-01-01 22:51:33.777
601,-14.166687,2020-01-31 16:52:50.070000+00:00,1,96.2888316033036,87.4842129437941,1.1156616,653.4232,-0.6402283,0.31563267,5.6050043,11.668511,2020-01-31 16:52:50.070
602,-29.748367,2020-01-23 04:56:21.106000+00:00,1,94.20345995984731,87.45106025041122,9.351044,556.08966,7.896408,0.32808727,5.125616,3.111991,2020-01-23 04:56:21.106
604,-29.750214,2020-01-28 16:50:12.070000+00:00,1,95.6522906116695,87.46126843900304,10.616882,1424.0659,9.246231,0.29065233,6.012721,-1.735712,2020-01-28 16:50:12.070
605,-30.768127,2020-01-23 10:53:19.103000+00:00,1,93.9818206781589,87.44260053075314,10.376053,776.51373,8.916748,0.32309496,5.152184,1.8231153,2020-01-23 10:53:19.103
606,-22.642265,2020-01-17 22:50:36.934000+00:00,1,98.54953358267396,87.4451586029027,4.436638,1296.089,2.5152283,0.28123397,6.231011,4.185413,2020-01-17 22:50:36.934
607,-29.476517,2019-12-31 22:51:49.951000+00:00,12,118.06903311148288,86.63156096059296,11.465256,740.52356,9.738861,0.18856794,5.092057,7.0725155,2019-12-31 22:51:49.951
608,-28.368225,2020-01-20 04:52:34.313000+00:00,1,97.69544391952341,87.4353515752513,9.555695,959.5374,7.76651,0.2453,6.4123383,1.0379047,2020-01-20 04:52:34.313
612,-30.998932,2020-01-24 10:58:22.527000+00:00,1,93.11284624832665,87.42116713435743,11.375717,510.57944,9.156311,0.3483241,2.4943233,3.7043972,2020-01-24 10:58:22.527
613,-26.581459,2020-01-05 22:40:22.780000+00:00,1,115.34145580721139,87.08925254893828,8.408897,892.6811,5.8496246,0.23296113,2.7423515,1.6627913,2020-01-05 22:40:22.780
615,-28.920258,2020-01-25 10:49:07.497000+00:00,1,92.81741191276274,87.40411843749729,8.594849,438.30322,6.1375732,0.2542049,4.9225564,3.6335902,2020-01-25 10:49:07.497
616,-26.640488,2020-01-26 04:51:23.506000+00:00,1,93.26303546632069,87.40849871408173,7.059906,563.7078,4.8228455,0.28809983,4.1738524,3.9879127,2020-01-26 04:51:23.506
617,-27.45086,2020-01-06 22:55:07.873000+00:00,1,114.98584658800131,87.11194717055449,9.487373,589.86926,5.246582,0.26097056,2.317707,4.53677,2020-01-06 22:55:07.873
618,-25.432281,2020-01-25 04:54:48.588000+00:00,1,92.84274063356155,87.40646337583095,4.916321,430.18332,2.8487701,0.28149843,4.554845,2.4468222,2020-01-25 04:54:48.588
620,-26.243912,2020-01-26 10:54:35.932000+00:00,1,93.67980064307596,87.41584075788407,6.9043884,513.9877,4.768631,0.25348297,5.6238813,4.731204,2020-01-26 10:54:35.932
621,-25.514267,2020-01-04 22:49:24.713000+00:00,1,115.33994831098099,87.0403063172801,6.7436676,1154.3728,6.662201,0.20738125,5.384744,1.6623077,2020-01-04 22:49:24.713
623,-24.229721,2020-01-27 10:47:25.949000+00:00,1,95.77082189369654,87.44839075960883,1.0274353,1686.8175,0.25575256,0.2834916,2.4308608,9.8968315,2020-01-27 10:47:25.949
