,t0,dt0,month,inversion_strength,inversion_height,low_level_stability,rh_sub_850,surf_wind_velocity,wind_shear,dt_
0,-16.224999999999994,1997-10-17 04:00:00,10,0.0,-0.0,-3.641666666666673,0.5766090440564531,-999.0,1005.2832505763971,1997-10-17 04:00:00
1,-17.854545454545452,1997-10-18 20:00:00,10,3.6545454545454543,877.9848209147315,1.3545454545454518,0.602644044921407,-999.0,1001.2898218409223,1997-10-18 20:00:00
2,-17.95,1997-10-18 23:00:00,10,3.9499999999999993,619.4603075596583,1.75,0.6005777315748848,-999.0,1001.906663707506,1997-10-18 23:00:00
3,-13.225000000000001,1997-10-20 04:00:00,10,0.6250000000000018,931.7001013050183,-2.174999999999999,0.4446644703603412,-999.0,1004.97,1997-10-20 04:00:00
4,-8.026923076923076,1997-10-20 23:00:00,10,0.0,-0.0,-6.073076923076924,0.8874218437987003,-999.0,1010.645,1997-10-20 23:00:00
5,-6.666666666666667,1997-10-21 11:00:00,10,0.0,-0.0,-7.783333333333332,0.7867567491865898,-999.0,1008.4391919853005,1997-10-21 11:00:00
6,-5.7,1997-10-21 23:00:00,10,0.0,-0.0,-8.499999999999996,0.8538567918626483,-999.0,1008.1599131707691,1997-10-21 23:00:00
7,-7.7749999999999995,1997-10-22 11:00:00,10,0.5499999999999998,242.03896338681503,-6.791666666666669,0.814404808021187,-999.0,1004.0532972604117,1997-10-22 11:00:00
8,-10.2375,1997-10-22 23:00:00,10,0.0,-0.0,-5.6625,0.7881217112913872,-999.0,1006.5438077776122,1997-10-22 23:00:00
9,-16.8,1997-10-23 11:00:00,10,5.300000000000001,743.1424847481492,1.825000000000001,0.6585531954426094,-999.0,1008.1898087558095,1997-10-23 11:00:00
10,-18.72727272727273,1997-10-23 23:00:00,10,8.027272727272731,436.9991400008228,2.860606060606063,0.6721856138332469,-999.0,1000.6282884983253,1997-10-23 23:00:00
11,-22.171428571428578,1997-10-24 11:00:00,10,10.946428571428577,277.57396925458704,6.211428571428579,0.6163759080659558,-999.0,1005.8552219458617,1997-10-24 11:00:00
12,-22.178571428571438,1997-10-24 23:00:00,10,9.928571428571438,366.8407954192864,3.8285714285714363,0.613487841441304,-999.0,1005.7546296290085,1997-10-24 23:00:00
13,-20.04814814814815,1997-10-25 11:00:00,10,8.948148148148151,528.3942693008661,3.9481481481481495,0.6864065760262896,-999.0,1006.0549973136566,1997-10-25 11:00:00
14,-22.946153846153848,1997-10-25 23:00:00,10,7.896153846153847,582.3454970485145,6.996153846153849,0.40102257886717546,-999.0,1006.645,1997-10-25 23:00:00
15,-27.28400000000001,1997-10-26 11:00:00,10,14.250666666666678,874.8778950602212,12.109000000000009,0.35325449373293455,-999.0,1014.672495526647,1997-10-26 11:00:00
16,-28.500000000000004,1997-10-26 23:00:00,10,13.316666666666668,952.1172861736437,11.820000000000004,0.27930861237604343,-999.0,1009.415026679298,1997-10-26 23:00:00
17,-26.9875,1997-10-27 23:00:00,10,12.8625,955.5034402209973,11.6875,0.4421318077168989,-999.0,1004.295,1997-10-27 23:00:00
18,-28.899999999999995,1997-10-28 11:00:00,10,15.299999999999995,750.2045203175472,13.499999999999995,0.4930278533875468,-999.0,1000.799660941606,1997-10-28 11:00:00
19,-28.12307692307692,1997-10-28 23:00:00,10,13.92307692307692,581.0675794462778,12.289743589743585,0.5231103902524684,-999.0,1001.9727801286402,1997-10-28 23:00:00
20,-22.125000000000004,1997-10-29 11:00:00,10,8.025000000000004,813.4862381217736,6.5500000000000025,0.5653360130016474,-999.0,1008.0149590375962,1997-10-29 11:00:00
21,-16.518749999999997,1997-10-29 23:00:00,10,1.9387499999999953,972.4200285771599,0.8187499999999979,0.610202442808564,-999.0,1008.51,1997-10-29 23:00:00
22,-13.0,1997-10-30 11:00:00,10,1.2599999999999998,514.6397245338708,-3.0666666666666664,0.7636603254189183,-999.0,1006.6161060436491,1997-10-30 11:00:00
23,-13.181249999999997,1997-10-30 23:00:00,10,0.0,-0.0,-0.6187500000000039,0.5590085020961862,-999.0,1006.8539644240104,1997-10-30 23:00:00
24,-26.483333333333334,1997-10-31 23:00:00,10,11.850000000000001,1633.4378422867273,9.083333333333336,0.576204741935376,-999.0,1005.4233268187377,1997-10-31 23:00:00
25,-13.803448275862076,1997-11-01 14:00:00,11,0.6034482758620783,116.30866664281022,-2.663218390804589,0.7495762308095243,6.78,4.913329376127913,1997-11-01 14:00:00
26,-21.893749999999997,1997-11-02 11:00:00,11,11.660416666666665,411.67778226205724,4.4687499999999964,0.4751141175302047,3.33,6.5824811398758385,1997-11-02 11:00:00
27,-17.96153846153846,1997-11-02 23:00:00,11,5.761538461538461,664.4133738889468,0.1615384615384592,0.5478227693672306,-999.0,1006.6482352331393,1997-11-02 23:00:00
28,-17.725,1997-11-03 12:00:00,11,6.225000000000001,397.9708864099064,-0.0416666666666643,0.3281312806374641,5.83,-1004.83,1997-11-03 12:00:00
29,-19.593103448275855,1997-11-03 15:00:00,11,8.693103448275854,433.4416941134292,3.0264367816091884,0.39958650284750374,5.0,2.1130732678319966,1997-11-03 15:00:00
30,-19.63333333333334,1997-11-03 23:00:00,11,7.400000000000006,577.4089671822176,5.866666666666674,0.6862078114004222,5.21,-2.6804352118430255,1997-11-03 23:00:00
31,-23.6125,1997-11-04 11:00:00,11,14.7125,1556.6480289806857,14.6325,0.5265427281833855,-999.0,1003.6433521076957,1997-11-04 11:00:00
32,-25.196774193548393,1997-11-04 23:00:00,11,16.45677419354839,1053.614460368239,15.121774193548392,0.5138355460691124,3.08,-0.8441499746036105,1997-11-04 23:00:00
33,-20.316666666666666,1997-11-05 23:00:00,11,3.599999999999998,822.1610624442737,2.9309523809523803,0.5340671785121086,6.65,2.9083674946373055,1997-11-05 23:00:00
34,-16.0,1997-11-07 00:00:00,11,3.0,886.1071515440879,1.2333333333333343,0.7549585520194468,12.62,4.719923742545548,1997-11-07 00:00:00
35,-15.57142857142857,1997-11-07 11:00:00,11,4.37142857142857,816.6573869414697,-0.028571428571432023,0.5366316006145505,10.01,0.5762041897893972,1997-11-07 11:00:00
36,-13.569696969696976,1997-11-07 23:00:00,11,2.3696969696969763,1910.4155432947114,0.24112554112554818,0.7322352657004833,6.67,-1005.67,1997-11-07 23:00:00
37,-13.66875,1997-11-08 02:00:00,11,3.46875,1077.6533328357236,1.6258928571428566,0.766429508274424,6.75,-1.1805717805156073,1997-11-08 02:00:00
38,-16.24782608695652,1997-11-08 11:00:00,11,7.414492753623184,986.8793127695984,5.967826086956517,0.7680658755642007,6.64,-3.4480118246089866,1997-11-08 11:00:00
39,-19.33529411764706,1997-11-09 00:00:00,11,9.63529411764706,808.7664523505521,8.33529411764706,0.7545569168826718,-999.0,1000.9302274715902,1997-11-09 00:00:00
40,-12.308000000000002,1997-11-09 11:00:00,11,2.1580000000000013,681.1726206490815,1.6080000000000023,0.682010605340799,4.39,-1003.39,1997-11-09 11:00:00
41,-10.913793103448276,1997-11-09 15:00:00,11,1.5637931034482744,1104.5667723738864,0.3137931034482744,0.6569753613102216,-999.0,1003.5925,1997-11-09 15:00:00
42,-13.483333333333334,1997-11-09 23:00:00,11,5.483333333333334,571.6043197758023,2.450000000000001,0.4435675038831567,3.69,6.1748412872262275,1997-11-09 23:00:00
43,-19.007999999999996,1997-11-10 11:00:00,11,14.341333333333328,588.2319548252332,11.624666666666663,0.2549820748110762,1.81,1.8907023807078076,1997-11-10 11:00:00
44,-14.193749999999998,1997-11-10 23:00:00,11,11.668749999999998,636.1497506724556,9.677083333333332,0.6997819017845213,-999.0,1011.6849973616978,1997-11-10 23:00:00
45,-13.114285714285712,1997-11-11 11:00:00,11,10.814285714285713,685.721895998531,-18.58571428571429,0.6141161788140919,-999.0,0.0,1997-11-11 11:00:00
46,-13.168749999999998,1997-11-11 23:00:00,11,12.218749999999998,1341.1076735548706,12.056249999999999,0.44982217165541183,-999.0,1005.5324217835056,1997-11-11 23:00:00
47,-13.9,1997-11-12 11:00:00,11,14.940000000000001,1004.4535358633542,14.48,0.46719887801694737,-999.0,1002.8652104713799,1997-11-12 11:00:00
48,-10.822222222222221,1997-11-12 23:00:00,11,7.572222222222221,725.4444183842805,6.4722222222222205,0.9234685749071744,7.27,3.112006242347407,1997-11-12 23:00:00
49,-10.222580645161285,1997-11-13 11:00:00,11,2.722580645161285,1098.676946276953,2.589247311827952,0.8887854760291448,-999.0,1008.6666044646406,1997-11-13 11:00:00
50,-12.858333333333336,1997-11-13 23:00:00,11,2.7583333333333364,1657.2677809581828,0.35833333333333606,0.7575579745335543,-999.0,1014.9645218568174,1997-11-13 23:00:00
51,-13.1,1997-11-14 12:00:00,11,2.6999999999999993,2372.5370951591512,-0.20000000000000284,0.7809823060456555,8.69,2.123102749355551,1997-11-14 12:00:00
52,-21.44062499999999,1997-11-14 23:00:00,11,14.640624999999991,1481.671516348615,14.604261363636354,0.5101706425870612,3.56,9.160753475424574,1997-11-14 23:00:00
53,-13.830769230769238,1997-11-15 11:00:00,11,4.630769230769237,1125.1505701389933,3.2107692307692393,0.8491817231458013,5.77,-1004.77,1997-11-15 11:00:00
54,-14.814285714285715,1997-11-16 00:00:00,11,4.914285714285715,960.6952948248929,3.314285714285715,0.4904824493526407,-999.0,1004.4946464827925,1997-11-16 00:00:00
55,-19.725,1997-11-16 11:00:00,11,7.262500000000001,836.1452606486166,5.225000000000001,0.7136548478423133,5.42,-3.0641038667199028,1997-11-16 11:00:00
56,-22.661764705882362,1997-11-16 23:00:00,11,9.061764705882364,859.8168294107576,6.76176470588236,0.6923499877116188,3.77,-0.659683645473403,1997-11-16 23:00:00
57,-29.462962962962962,1997-11-17 11:00:00,11,16.66296296296296,749.9039088814711,14.587962962962962,0.2714078747847466,-999.0,1003.292234622039,1997-11-17 11:00:00
58,-31.299999999999983,1997-11-17 23:00:00,11,18.26666666666665,711.8584360601518,16.44285714285712,0.4069644946134298,-999.0,1002.5864843003143,1997-11-17 23:00:00
59,-28.300000000000004,1997-11-18 11:00:00,11,15.011111111111116,1432.9386467604756,14.091666666666674,0.19521053401919486,1.0,3.578911269284495,1997-11-18 11:00:00
60,-29.35,1997-11-18 23:00:00,11,16.700000000000003,1569.3370605474104,16.516666666666666,0.17397259746456595,-999.0,1001.1595846968096,1997-11-18 23:00:00
62,-27.439999999999998,1997-11-19 23:00:00,11,15.954285714285712,1287.3529242480156,14.506666666666666,0.3981285871208616,3.1,0.5880396387669746,1997-11-19 23:00:00
63,-26.32,1997-11-20 11:00:00,11,15.195,849.0572851473994,12.92,0.3762811772827479,-999.0,1008.4385590144258,1997-11-20 11:00:00
64,-24.7,1997-11-20 23:00:00,11,13.966666666666665,734.0591585455232,12.450000000000001,0.5900898701514594,-999.0,1009.6134025303287,1997-11-20 23:00:00
65,-22.939999999999998,1997-11-21 23:00:00,11,10.139999999999997,587.5133550748554,7.089999999999998,0.4681744885611108,0.8,0.7416131070115641,1997-11-21 23:00:00
66,-19.192307692307693,1997-11-22 11:00:00,11,5.708974358974359,427.4575430149263,2.3923076923076927,0.42110692875209443,-999.0,1001.7174340431937,1997-11-22 11:00:00
67,-19.3,1997-11-22 23:00:00,11,4.155555555555555,1130.0100513549799,3.8999999999999986,0.6838374169229954,-999.0,1002.7497631045593,1997-11-22 23:00:00
68,-15.16666666666666,1997-11-23 11:00:00,11,0.7999999999999936,1070.2168930602404,0.3333333333333268,0.7453150290497215,6.58,-1.6533350179520223,1997-11-23 11:00:00
70,-17.87777777777778,1997-11-24 11:00:00,11,1.637777777777778,1066.1629463927047,0.9944444444444507,0.802248351608009,8.79,-1.193474882400805,1997-11-24 11:00:00
71,-14.521052631578947,1997-11-24 23:00:00,11,0.6210526315789462,1447.6667716279628,-2.078947368421055,0.7309618982801207,6.26,1.5753543121005604,1997-11-24 23:00:00
72,-24.719999999999995,1997-11-25 11:00:00,11,9.219999999999995,217.18178048676535,8.205714285714283,0.4503106805121948,4.75,-0.368777194961619,1997-11-25 11:00:00
73,-31.03333333333333,1997-11-25 23:00:00,11,15.433333333333332,1255.5263705618704,15.23333333333333,0.49878402138598793,3.7,1.5646858389012186,1997-11-25 23:00:00
74,-32.906666666666666,1997-11-26 11:00:00,11,16.206666666666667,1454.9353455249213,15.426666666666666,0.42572396079688374,0.54,5.915569360850255,1997-11-26 11:00:00
75,-19.111111111111114,1997-11-26 23:00:00,11,0.7511111111111184,1496.3440547756668,0.2777777777777821,0.4371721672592534,-999.0,1001.3665940796451,1997-11-26 23:00:00
76,-18.9,1997-11-27 11:00:00,11,0.023076923076917666,16.746093202049597,-0.10000000000000142,0.7670909550893972,7.04,0.5895637694779952,1997-11-27 11:00:00
77,-23.0,1997-11-27 23:00:00,11,3.2857142857142847,1662.038225572831,3.049999999999997,0.7928971779656784,5.98,-4.115211151924765,1997-11-27 23:00:00
78,-22.777777777777782,1997-11-28 11:00:00,11,4.663492063492072,1350.6249185741995,4.563492063492067,0.7667506226622196,6.05,-1.7550097671276506,1997-11-28 11:00:00
80,-31.82857142857144,1997-11-29 11:00:00,11,11.32857142857144,1330.2201460681727,11.32857142857144,0.48762469920397994,4.81,2.209888362194607,1997-11-29 11:00:00
81,-33.6,1997-11-29 23:00:00,11,13.581818181818186,1276.259327574825,13.3,0.3748472312780626,-999.0,1001.3698031171793,1997-11-29 23:00:00
82,-24.00967741935484,1997-11-30 11:00:00,11,6.322177419354841,1122.4052587939898,5.052534562211985,0.7187468987384574,8.3,4.634032516968876,1997-11-30 11:00:00
83,-17.5,1997-11-30 23:00:00,11,0.05384615384615188,16.501102338495432,-5.833333333333332,0.8166536688412362,6.76,4.119602296028024,1997-11-30 23:00:00
84,-25.621052631578955,1997-12-01 11:00:00,12,5.821052631578954,182.8013378156623,0.6210526315789551,0.6199208749120951,7.17,-0.2428330433948105,1997-12-01 11:00:00
85,-29.899999999999995,1997-12-01 23:00:00,12,7.0,1568.927736914266,6.628571428571426,0.4633332164508837,5.13,-1004.13,1997-12-01 23:00:00
86,-31.04782608695652,1997-12-02 02:00:00,12,8.14782608695652,1246.3236766355146,7.947826086956514,0.3800149023051951,-999.0,1009.0333096488607,1997-12-02 02:00:00
87,-34.37142857142857,1997-12-02 11:00:00,12,10.071428571428566,1291.602031481969,9.971428571428568,0.2886789268919379,2.63,0.8589329317345054,1997-12-02 11:00:00
88,-32.300000000000004,1997-12-02 23:00:00,12,9.90000000000001,1388.9935170109845,9.687500000000004,0.6658282715028788,-999.0,1003.5024417835069,1997-12-02 23:00:00
89,-26.733333333333334,1997-12-03 11:00:00,12,10.213333333333335,1753.9430480890735,6.683333333333334,0.8474119337269949,10.18,-0.07513849889918056,1997-12-03 11:00:00
90,-23.71666666666667,1997-12-03 23:00:00,12,5.959523809523812,1716.9825307296296,3.31666666666667,0.8149229301272426,11.35,8.779992335081703,1997-12-03 23:00:00
91,-26.955882352941178,1997-12-04 11:00:00,12,4.722549019607843,1706.1779819190122,4.4558823529411775,0.5076106815425333,13.2,7.728563627071672,1997-12-04 11:00:00
92,-31.09333333333333,1997-12-04 23:00:00,12,5.443333333333332,1418.3199310961334,5.193333333333332,0.42278520473177233,5.3,6.819999999999999,1997-12-04 23:00:00
93,-32.980000000000004,1997-12-05 11:00:00,12,8.880000000000006,892.806005015242,7.9514285714285755,0.44747613389594765,2.53,4.710502216330221,1997-12-05 11:00:00
94,-35.7,1997-12-05 23:00:00,12,13.600000000000005,2161.0472463514993,12.533333333333335,0.35174975236543937,2.58,-0.39957513437410164,1997-12-05 23:00:00
95,-32.453571428571436,1997-12-06 11:00:00,12,11.978571428571435,2565.183482364754,10.57857142857144,0.26557935104076946,4.83,3.7449312831500485,1997-12-06 11:00:00
96,-30.4875,1997-12-06 23:00:00,12,11.9875,1680.1992120706739,11.212500000000002,0.26151572321669414,6.73,5.457402414527747,1997-12-06 23:00:00
97,-25.2,1997-12-07 11:00:00,12,7.599999999999998,791.9463231570161,6.599999999999998,0.6575075719778526,12.56,5.4499999999999975,1997-12-07 11:00:00
98,-21.4,1997-12-07 23:00:00,12,6.599999999999998,2079.441387721297,5.0,0.7854032870409414,13.94,3.8433152746104877,1997-12-07 23:00:00
99,-21.2,1997-12-08 11:00:00,12,5.0,1153.776468861802,3.6999999999999993,0.8200704264687797,12.29,-0.20044193471139415,1997-12-08 11:00:00
101,-29.0,1997-12-09 11:00:00,12,9.216666666666665,1370.5536610801435,8.875,0.5986605989754546,9.27,-1008.27,1997-12-09 11:00:00
102,-32.3,1997-12-09 23:00:00,12,10.799999999999997,1203.3271800082127,10.04166666666666,0.27339246465501654,8.75,0.8666387153983184,1997-12-09 23:00:00
103,-33.90666666666666,1997-12-10 11:00:00,12,10.68666666666666,980.7717358563355,10.006666666666657,0.42605705638332125,8.48,0.0371749901058962,1997-12-10 11:00:00
104,-32.09333333333335,1997-12-10 23:00:00,12,9.218333333333351,1060.251071850555,7.793333333333347,0.4280340778373654,7.89,4.404925094665091,1997-12-10 23:00:00
105,-32.37826086956521,1997-12-11 11:00:00,12,10.444927536231877,1120.200637784007,9.7639751552795,0.37673376315480667,6.45,7.9139282574910235,1997-12-11 11:00:00
107,-31.833333333333332,1997-12-12 11:00:00,12,11.308333333333334,1247.7403763757347,10.158333333333331,0.25782504162433245,5.47,6.336866915909039,1997-12-12 11:00:00
108,-31.161538461538463,1997-12-12 23:00:00,12,11.361538461538462,1036.104219795731,10.150427350427353,0.2518485356308368,5.54,8.734396157586282,1997-12-12 23:00:00
109,-28.066666666666666,1997-12-13 11:00:00,12,11.416666666666668,1047.851740579519,10.366666666666667,0.5654059601754725,-999.0,1012.5828397900729,1997-12-13 11:00:00
110,-29.52307692307692,1997-12-13 23:00:00,12,11.22307692307692,1081.1480860376766,10.523076923076921,0.505010514372408,-999.0,1004.9549795925628,1997-12-13 23:00:00
111,-29.264705882352946,1997-12-14 11:00:00,12,13.224705882352946,1143.1331772211645,12.864705882352947,0.4835038309436743,3.27,6.3465104719055905,1997-12-14 11:00:00
112,-22.45,1997-12-14 23:00:00,12,8.049999999999999,954.7330140796132,6.321428571428569,0.6898452803744913,4.19,-3.4182918472746353,1997-12-14 23:00:00
114,-32.37931034482759,1997-12-15 23:00:00,12,11.162643678160919,1956.790673214517,9.53931034482759,0.19326686290785308,6.28,2.769716337460303,1997-12-15 23:00:00
115,-36.459259259259255,1997-12-16 11:00:00,12,14.346759259259258,1379.7541450484046,14.319259259259251,0.18892924697611574,2.99,7.839144455159843,1997-12-16 11:00:00
116,-35.94615384615384,1997-12-16 23:00:00,12,15.84615384615384,1842.2179244645447,14.312820512820505,0.2503400696386633,1.55,3.5373834091423486,1997-12-16 23:00:00
117,-31.6,1997-12-17 11:00:00,12,13.86,2871.1000478613423,11.475000000000001,0.18565418530101824,1.14,1.0738168963043868,1997-12-17 11:00:00
118,-29.83333333333334,1997-12-17 23:00:00,12,11.369696969696975,2001.124097382987,8.483333333333341,0.2604378086014721,1.55,1.084954095667377,1997-12-17 23:00:00
119,-27.625000000000004,1997-12-18 11:00:00,12,9.725000000000005,2260.897222068972,2.0500000000000007,0.38373088884959927,2.97,1.0373743595303693,1997-12-18 11:00:00
120,-29.833333333333332,1997-12-18 23:00:00,12,11.506060606060604,1545.1651448549521,11.44583333333333,0.27819054512793995,2.21,5.2058687797164565,1997-12-18 23:00:00
121,-29.73333333333333,1997-12-19 23:00:00,12,6.93333333333333,1214.9909580503243,6.033333333333331,0.6843481644054485,2.68,6.526405153828696,1997-12-19 23:00:00
122,-35.1,1997-12-20 11:00:00,12,10.150000000000002,1079.4236603816232,8.666666666666668,0.5943414510010727,2.7,4.436637688573333,1997-12-20 11:00:00
123,-35.82173913043478,1997-12-20 23:00:00,12,8.605072463768114,1597.3211769523646,8.532850241545884,0.6394946843685378,-999.0,1008.6682406844062,1997-12-20 23:00:00
124,-36.9,1997-12-21 11:00:00,12,8.2,921.9490104958678,6.899999999999999,0.6292608888920348,2.92,2.4831289074912277,1997-12-21 11:00:00
125,-39.11666666666667,1997-12-22 00:00:00,12,12.30238095238095,1183.669009182392,11.545238095238094,0.5722563965627963,2.68,3.3142417351552083,1997-12-22 00:00:00
126,-32.425,1997-12-22 11:00:00,12,9.024999999999999,809.3459577772967,7.899999999999999,0.718626456481892,3.7,-1002.7,1997-12-22 11:00:00
127,-30.025,1997-12-22 23:00:00,12,6.324999999999999,360.47131730993317,5.491666666666667,0.7265896250303016,5.4,6.219996061987137,1997-12-22 23:00:00
128,-28.405555555555548,1997-12-23 11:00:00,12,5.938888888888879,1553.9436255505716,5.5222222222222115,0.7028089530767864,5.1,-1004.1,1997-12-23 11:00:00
129,-27.02631578947369,1997-12-23 23:00:00,12,3.276315789473692,1126.2069425716775,3.12631578947369,0.6942783062167226,6.41,7.674994636830581,1997-12-23 23:00:00
130,-31.620000000000005,1997-12-24 11:00:00,12,8.245000000000005,1339.1753420400946,8.145000000000003,0.6436539674011672,4.06,5.304636776316598,1997-12-24 11:00:00
131,-34.275,1997-12-24 23:00:00,12,11.089285714285715,1556.109414934502,10.260714285714286,0.6629919980663634,3.24,8.46670705295159,1997-12-24 23:00:00
132,-35.480000000000004,1997-12-25 11:00:00,12,11.780000000000008,2180.42071336293,10.380000000000006,0.6726722431829956,1.81,8.034755832732229,1997-12-25 11:00:00
133,-31.127999999999997,1997-12-25 23:00:00,12,7.202999999999999,2502.9142601848785,5.527999999999995,0.6538795723210576,0.9,-999.9,1997-12-25 23:00:00
134,-30.811111111111114,1997-12-26 02:00:00,12,7.011111111111113,2331.569779160634,5.477777777777781,0.6412254327948701,1.12,3.1466229463545625,1997-12-26 02:00:00
135,-30.55,1997-12-26 11:00:00,12,7.474999999999998,1861.0310780678494,6.050000000000001,0.4710747874590563,-999.0,1003.847096042277,1997-12-26 11:00:00
136,-30.2,1997-12-26 23:00:00,12,6.771428571428565,1196.9366131452928,5.899999999999999,0.4582461333378604,-999.0,1004.6311497729853,1997-12-26 23:00:00
138,-34.5,1997-12-27 23:00:00,12,8.5,883.7373949270478,8.0,0.5914309743095597,2.22,1.299527074506455,1997-12-27 23:00:00
139,-38.2,1997-12-28 11:00:00,12,12.887500000000003,1724.470503111263,12.560000000000006,0.5020628749214299,2.32,1.396513774664514,1997-12-28 11:00:00
140,-37.5,1997-12-28 23:00:00,12,10.675,1116.174914577204,10.25,0.5519663055998913,2.61,0.8443543909266822,1997-12-28 23:00:00
141,-36.65555555555555,1997-12-29 11:00:00,12,9.07555555555555,1702.8313514474455,8.57222222222222,0.5975752778459023,2.37,1.468327989654588,1997-12-29 11:00:00
143,-39.24347826086957,1997-12-30 11:00:00,12,11.018478260869575,745.9967634780918,9.543478260869573,0.4834040258487533,5.29,0.08751616046758048,1997-12-30 11:00:00
144,-38.92,1997-12-30 23:00:00,12,11.120000000000001,657.9102742428955,8.740000000000002,0.3059755529024402,4.21,7.015965785663689,1997-12-30 23:00:00
145,-41.5,1997-12-31 11:00:00,12,12.899999999999999,2496.1395080354505,11.166666666666668,0.34517562706226285,3.59,9.806580504832041,1997-12-31 11:00:00
146,-39.58125,1997-12-31 23:00:00,12,11.931249999999999,389.0837712253722,16.964450867052026,0.5069425098095068,3.85,-1002.85,1997-12-31 23:00:00
147,-39.82,1998-01-01 02:00:00,1,12.420000000000005,263.74333262064033,17.19677804295952,0.4890205899518365,3.27,7.999931339789978,1998-01-01 02:00:00
148,-37.8,1998-01-01 11:00:00,1,11.066666666666663,588.5049654560642,8.899999999999999,0.5156891191409926,3.95,7.510828166342773,1998-01-01 11:00:00
149,-39.17272727272727,1998-01-01 23:00:00,1,11.272727272727273,715.2104438111894,10.072727272727267,0.4610264502274545,3.09,-1002.09,1998-01-01 23:00:00
150,-37.9,1998-01-02 11:00:00,1,11.099999999999998,1582.0421462814058,11.066666666666666,0.33374815949972186,-999.0,1007.1855487731941,1998-01-02 11:00:00
151,-37.73333333333334,1998-01-02 23:00:00,1,14.293333333333337,1361.93356428986,13.293333333333344,0.3840497586171536,-999.0,1009.5379679054942,1998-01-02 23:00:00
152,-31.1,1998-01-03 11:00:00,1,9.200000000000006,726.4208913837535,6.719999999999999,0.6350104684227013,7.52,5.939995088437801,1998-01-03 11:00:00
153,-29.83529411764706,1998-01-03 23:00:00,1,9.735294117647058,1397.8007959924378,9.51029411764706,0.5033118579029672,8.38,6.544739520285512,1998-01-03 23:00:00
154,-23.96,1998-01-04 12:00:00,1,4.540000000000003,1552.0378072068465,4.359999999999999,0.386927450960593,6.67,-1005.67,1998-01-04 12:00:00
155,-24.2,1998-01-05 04:00:00,1,12.583333333333334,2001.2436108186148,11.416666666666666,0.7226334321793442,6.93,4.991656561623708,1998-01-05 04:00:00
156,-22.52857142857143,1998-01-05 11:00:00,1,13.548571428571428,1578.3832969738185,12.428571428571429,0.2590340159001494,6.23,4.5,1998-01-05 11:00:00
157,-20.776190476190475,1998-01-05 23:00:00,1,9.119047619047619,1959.9129062315262,6.836190476190474,0.6706147191886852,7.99,8.01795120051579,1998-01-05 23:00:00
158,-26.653846153846153,1998-01-06 11:00:00,1,15.087179487179485,1978.105067461723,14.310989010989012,0.39019412573844475,3.67,4.20084024469598,1998-01-06 11:00:00
159,-28.303333333333327,1998-01-06 23:00:00,1,18.90333333333333,1751.5720887808093,18.503333333333327,0.2817867102890998,2.77,2.0466453683246777,1998-01-06 23:00:00
160,-27.9,1998-01-07 11:00:00,1,19.166666666666664,1520.697935944658,18.699999999999996,0.3722473638008613,2.29,0.6250288920692291,1998-01-07 11:00:00
161,-30.536363636363646,1998-01-07 23:00:00,1,20.36969696969698,1624.437440279543,20.261363636363647,0.29715050627799816,2.54,4.311243638386271,1998-01-07 23:00:00
163,-29.622727272727275,1998-01-08 23:00:00,1,16.422727272727276,1921.7831115325148,15.222727272727274,0.5110906716688681,3.44,3.9259847685487377,1998-01-08 23:00:00
164,-22.727777777777774,1998-01-09 11:00:00,1,9.627777777777775,1341.0166427683532,9.24444444444444,0.6413099852805592,2.48,0.05277031865334125,1998-01-09 11:00:00
165,-25.65862068965517,1998-01-09 23:00:00,1,10.358620689655167,1339.632317378718,9.933620689655172,0.7414727876183865,0.38,1.0749929829388334,1998-01-09 23:00:00
166,-28.662499999999994,1998-01-10 11:00:00,1,16.002499999999994,1417.498210277168,15.512499999999996,0.3001805420214047,4.52,4.609986095886573,1998-01-10 11:00:00
167,-22.6,1998-01-11 11:00:00,1,10.320000000000004,1338.9402258583143,9.500000000000004,0.2709629832067028,4.0,5.8628412168363795,1998-01-11 11:00:00
168,-23.78888888888889,1998-01-12 00:00:00,1,11.96388888888889,938.2376075124652,8.328888888888892,0.4680459086995714,6.99,6.459731176628054,1998-01-12 00:00:00
169,-22.800000000000004,1998-01-12 12:00:00,1,9.800000000000004,920.3823506880079,5.150000000000006,0.5810074740126605,3.68,3.47245976641717,1998-01-12 12:00:00
170,-32.1269230769231,1998-01-13 00:00:00,1,18.8769230769231,938.5219420707904,14.893589743589768,0.28338709728437145,-999.0,1004.8199863919942,1998-01-13 00:00:00
171,-31.82,1998-01-13 11:00:00,1,20.095000000000002,1539.596896793697,19.72,0.2588760154424726,4.2,7.4078117959543155,1998-01-13 11:00:00
172,-31.950000000000003,1998-01-13 23:00:00,1,16.625000000000004,1701.8208968328042,16.616666666666667,0.163548349754262,-999.0,1016.2932221086737,1998-01-13 23:00:00
173,-29.0,1998-01-14 11:00:00,1,10.924999999999997,676.7603837847284,10.759999999999998,0.2500019668025277,5.13,-1004.13,1998-01-14 11:00:00
174,-31.704761904761913,1998-01-14 16:00:00,1,13.929761904761914,880.6486533330548,12.076190476190487,0.3271048243046726,4.28,11.365545256478715,1998-01-14 16:00:00
175,-34.36774193548385,1998-01-15 00:00:00,1,16.86774193548385,1147.1621726238925,15.801075268817183,0.31076515869258864,3.8,4.474988784387249,1998-01-15 00:00:00
176,-34.16538461538461,1998-01-15 12:00:00,1,15.898717948717945,1163.4674831639977,13.590384615384611,0.5099352388956022,3.27,2.2159505955342937,1998-01-15 12:00:00
177,-32.79523809523809,1998-01-15 23:00:00,1,10.328571428571422,580.3125210240574,9.128571428571423,0.46553637362637357,-999.0,0.0,1998-01-15 23:00:00
178,-36.1,1998-01-16 11:00:00,1,13.650000000000002,1666.6601077802388,13.400000000000002,0.585658020706386,3.34,3.256674050383384,1998-01-16 11:00:00
179,-37.0,1998-01-16 23:00:00,1,12.399999999999995,855.3901601562686,11.2,0.48730138375307025,4.57,-1003.57,1998-01-16 23:00:00
180,-35.5,1998-01-17 11:00:00,1,12.899999999999999,1649.1649929197713,12.8,0.24209333545437348,5.72,10.51620560304432,1998-01-17 11:00:00
181,-36.357142857142854,1998-01-17 23:00:00,1,11.568253968253963,1085.9680498817163,9.869642857142853,0.37409621622999695,4.91,9.6125,1998-01-17 23:00:00
182,-36.0,1998-01-18 11:00:00,1,11.733333333333334,1072.3386602336245,10.149999999999999,0.3585540387221896,5.5,11.049943284097381,1998-01-18 11:00:00
183,-35.86333333333333,1998-01-18 23:00:00,1,11.66333333333333,1075.28106030063,9.896666666666661,0.3161897474123264,4.03,-1003.03,1998-01-18 23:00:00
185,-35.40714285714285,1998-01-19 23:00:00,1,13.123809523809516,964.603257959263,12.707142857142852,0.3311441140508288,3.45,6.629965908643073,1998-01-19 23:00:00
186,-36.12272727272728,1998-01-20 11:00:00,1,14.722727272727283,1412.4164957159783,14.247727272727282,0.33491358518846354,2.69,6.189929283363153,1998-01-20 11:00:00
187,-35.43076923076923,1998-01-21 03:00:00,1,13.130769230769229,641.9237295120587,12.130769230769229,0.22006851614826442,2.58,6.166610408162761,1998-01-21 03:00:00
188,-32.93461538461539,1998-01-21 11:00:00,1,12.284615384615392,1094.2932816985278,9.309615384615388,0.5098880902726497,3.33,7.119769154189038,1998-01-21 11:00:00
189,-33.9,1998-01-21 23:00:00,1,12.399999999999999,1387.3568208981083,11.333333333333332,0.3118947601148474,4.26,8.812851283796446,1998-01-21 23:00:00
190,-34.1,1998-01-22 11:00:00,1,13.950000000000003,1854.1745754049707,12.950000000000003,0.2966688250273752,4.64,-1003.64,1998-01-22 11:00:00
191,-34.2,1998-01-23 00:00:00,1,13.800000000000004,1506.6472447456576,13.600000000000001,0.42360212286344867,-999.0,1009.2697459245446,1998-01-23 00:00:00
192,-31.82,1998-01-23 11:00:00,1,13.52,1111.071777015331,11.120000000000001,0.46988279048563913,-999.0,1003.7229003821515,1998-01-23 11:00:00
193,-33.684615384615384,1998-01-23 23:00:00,1,12.434615384615384,1108.0189095480473,11.684615384615384,0.4031978210234788,-999.0,1007.9133303170572,1998-01-23 23:00:00
194,-33.675,1998-01-24 11:00:00,1,11.374999999999996,1164.0638119150685,10.574999999999992,0.3675883681203257,3.04,7.246656011006951,1998-01-24 11:00:00
195,-34.74285714285714,1998-01-24 23:00:00,1,11.709523809523809,2320.5427444794823,10.042857142857141,0.29562091147856806,-999.0,1009.3999960399738,1998-01-24 23:00:00
196,-34.16,1998-01-25 11:00:00,1,9.759999999999998,1629.9241482804227,9.699999999999996,0.3801695126482624,6.02,-1005.02,1998-01-25 11:00:00
197,-31.40454545454545,1998-01-25 23:00:00,1,9.304545454545444,1310.5069168122707,8.504545454545454,0.43992506059053516,7.07,9.349983327277496,1998-01-25 23:00:00
198,-30.637500000000014,1998-01-26 12:00:00,1,11.037500000000012,849.7511072423347,9.837500000000013,0.33769772578281454,-999.0,1023.1630091591906,1998-01-26 12:00:00
199,-24.74,1998-01-27 00:00:00,1,5.239999999999998,500.5594982092194,3.2399999999999984,0.8661363848820243,-999.0,1023.9999143263998,1998-01-27 00:00:00
200,-22.15333333333334,1998-01-27 23:00:00,1,4.831111111111117,2091.069421526826,-5.946666666666662,0.8109280071951293,12.89,-1011.89,1998-01-27 23:00:00
201,-20.436363636363637,1998-01-28 11:00:00,1,4.158585858585855,2096.3833848938866,-3.8236363636363606,0.6173463467875228,8.58,-1007.58,1998-01-28 11:00:00
202,-21.066666666666666,1998-01-29 11:00:00,1,10.533333333333333,1892.899551954327,8.166666666666666,0.7902710854306259,11.56,16.2066384743323,1998-01-29 11:00:00
203,-20.0,1998-01-29 23:00:00,1,8.5,1731.2069810191967,7.1999999999999975,0.8450534639010208,9.45,12.643280898420755,1998-01-29 23:00:00
204,-19.266666666666666,1998-01-30 11:00:00,1,5.966666666666665,2152.9522036909652,4.466666666666667,0.857767046068614,9.25,1.439868156788231,1998-01-30 11:00:00
205,-18.0,1998-01-30 23:00:00,1,3.8000000000000025,1925.5879179842598,-2.6999999999999993,0.7925084954086891,2.12,-0.7343626318207421,1998-01-30 23:00:00
206,-26.86451612903225,1998-01-31 11:00:00,1,11.96451612903225,2251.1743866240777,5.014516129032248,0.42061025962058474,-999.0,0.0,1998-01-31 11:00:00
207,-26.193749999999998,1998-01-31 23:00:00,1,9.818749999999998,1890.216914353352,4.693749999999998,0.33841624318911734,-999.0,1015.2219901243299,1998-01-31 23:00:00
208,-31.49285714285714,1998-02-01 12:00:00,2,14.292857142857141,1976.6622100816726,12.49285714285714,0.2858610044035394,-999.0,1014.5974005504991,1998-02-01 12:00:00
209,-28.162068965517246,1998-02-01 23:00:00,2,13.89540229885058,1576.0185720339878,13.437068965517245,0.23393367501668516,-999.0,0.0,1998-02-01 23:00:00
210,-18.866666666666664,1998-02-02 11:00:00,2,2.8333333333333286,2201.7377951413578,0.716666666666665,0.5077747879985605,-999.0,1006.7748549388642,1998-02-02 11:00:00
211,-19.84761904761905,1998-02-02 23:00:00,2,2.080952380952386,1918.1424709180458,1.8976190476190524,0.7140142897325191,-999.0,1007.3348444970372,1998-02-02 23:00:00
212,-29.5,1998-02-03 12:00:00,2,12.649999999999999,865.4741141281307,11.433333333333334,0.6942170260241617,-999.0,1005.1859464184884,1998-02-03 12:00:00
213,-32.60909090909092,1998-02-03 23:00:00,2,15.959090909090918,777.2204260181966,14.609090909090916,0.564226714673898,-999.0,1004.2199269962277,1998-02-03 23:00:00
214,-33.6,1998-02-04 12:00:00,2,17.3,1004.123327066792,16.150000000000002,0.5071043757457904,-999.0,0.0,1998-02-04 12:00:00
215,-32.045,1998-02-04 23:00:00,2,15.795000000000002,1849.6467567112866,14.345000000000002,0.3872841003286486,-999.0,1010.0061746146682,1998-02-04 23:00:00
216,-28.177777777777774,1998-02-05 11:00:00,2,13.577777777777774,2056.334075138989,12.34444444444444,0.28097568047032984,-999.0,0.0,1998-02-05 11:00:00
217,-16.636363636363637,1998-02-06 23:00:00,2,7.136363636363637,1344.5807317651545,6.696363636363635,0.7826216760742803,-999.0,1005.939888324261,1998-02-06 23:00:00
218,-18.075862068965524,1998-02-07 11:00:00,2,6.325862068965524,1576.1874624890906,5.475862068965524,0.7331572631419531,-999.0,1012.275,1998-02-07 11:00:00
219,-33.1875,1998-02-07 23:00:00,2,8.287500000000001,2299.0495253156837,7.587499999999995,0.24843455717606588,-999.0,1017.5593215624154,1998-02-07 23:00:00
220,-32.422222222222224,1998-02-08 11:00:00,2,9.722222222222225,1782.8189980479438,9.472222222222225,0.29537299375393944,-999.0,0.0,1998-02-08 11:00:00
221,-30.64545454545454,1998-02-09 00:00:00,2,7.085454545454539,2703.220635180486,4.820454545454538,0.4266540680224795,-999.0,1023.8073771909967,1998-02-09 00:00:00
222,-32.9,1998-02-09 23:00:00,2,12.0,670.6187553255429,10.899999999999999,0.5560183014861517,-999.0,0.0,1998-02-09 23:00:00
223,-33.015625000000014,1998-02-10 23:00:00,2,13.890625000000018,1246.832838985094,13.14419642857144,0.35968029845945404,4.34,-1003.34,1998-02-10 23:00:00
224,-32.267647058823535,1998-02-11 11:00:00,2,13.867647058823533,1323.5879976249812,12.967647058823534,0.43022975953195475,-999.0,0.0,1998-02-11 11:00:00
225,-33.48387096774194,1998-02-11 23:00:00,2,15.017204301075278,1479.8235704590024,14.983870967741943,0.36160702302362585,-999.0,1013.7349495041254,1998-02-11 23:00:00
226,-30.05454545454545,1998-02-12 11:00:00,2,11.25454545454545,1441.0259156669729,11.12954545454545,0.3262493639363593,4.9,8.401227607260955,1998-02-12 11:00:00
227,-31.518749999999997,1998-02-12 23:00:00,2,12.908749999999998,813.9003584236,9.218749999999993,0.40132254889255864,3.35,10.539906048783562,1998-02-12 23:00:00
228,-30.085714285714282,1998-02-13 12:00:00,2,9.745714285714286,703.305090385499,8.502380952380953,0.5417978972567222,3.12,9.35766499452259,1998-02-13 12:00:00
229,-32.36875,1998-02-13 23:00:00,2,10.85763888888889,1555.495275164807,10.854464285714286,0.46865688541804557,3.54,5.2470673035620825,1998-02-13 23:00:00
230,-33.206896551724135,1998-02-14 12:00:00,2,11.706896551724135,1265.6748250823146,11.356896551724134,0.3757011247341085,3.53,6.774682182175695,1998-02-14 12:00:00
231,-32.38181818181819,1998-02-14 23:00:00,2,11.20681818181819,1465.5533240194982,11.08181818181819,0.2152043728220299,4.04,3.630000000000001,1998-02-14 23:00:00
232,-33.51538461538462,1998-02-15 11:00:00,2,12.665384615384617,2417.8156619998776,12.015384615384619,0.4031575615713184,3.65,1.180000000000001,1998-02-15 11:00:00
233,-33.1,1998-02-15 23:00:00,2,13.0,1525.7998587061104,12.725000000000001,0.373203838021488,2.24,3.6488085464931492,1998-02-15 23:00:00
234,-34.614285714285714,1998-02-16 11:00:00,2,13.114285714285714,1789.2895270380477,12.001785714285713,0.28734351694622523,3.06,-1002.06,1998-02-16 11:00:00
235,-35.43076923076922,1998-02-17 00:00:00,2,12.730769230769223,726.2013107295403,10.330769230769224,0.47648593653792726,3.92,4.759944311046802,1998-02-17 00:00:00
236,-33.7,1998-02-17 11:00:00,2,9.300000000000004,1063.7343069926633,8.800000000000004,0.38807002373103194,4.21,6.2923539314767565,1998-02-17 11:00:00
237,-35.62666666666667,1998-02-17 23:00:00,2,14.626666666666672,1665.0735434921783,14.326666666666672,0.19784720684732657,4.35,7.209995598308218,1998-02-17 23:00:00
238,-36.24444444444444,1998-02-18 23:00:00,2,17.144444444444442,1715.1379859331007,17.019444444444442,0.44113631385639496,2.2,6.344418930924193,1998-02-18 23:00:00
239,-33.50909090909091,1998-02-19 11:00:00,2,14.209090909090907,1691.2722594252411,13.969090909090909,0.300022545749178,1.39,6.349993398333027,1998-02-19 11:00:00
240,-33.575,1998-02-19 23:00:00,2,16.475000000000005,1276.0897375425923,15.375000000000004,0.2928803753509653,-999.0,1003.1527077754497,1998-02-19 23:00:00
241,-28.2625,1998-02-20 11:00:00,2,9.662499999999998,854.4356399365151,6.487499999999997,0.2960407758034961,5.47,9.346232292900876,1998-02-20 11:00:00
242,-34.09545454545456,1998-02-20 23:00:00,2,15.395454545454559,964.9376694721639,14.36688311688313,0.23887206443062214,4.86,13.332691961084777,1998-02-20 23:00:00
243,-28.233333333333334,1998-02-21 11:00:00,2,10.019047619047619,1003.1987994438707,9.008333333333336,0.18932389307655514,8.41,14.691179682480552,1998-02-21 11:00:00
244,-32.1,1998-02-21 23:00:00,2,10.900000000000002,1569.2808018078947,10.8,0.2981738784598869,-999.0,1020.3349675049468,1998-02-21 23:00:00
245,-29.12142857142857,1998-02-22 11:00:00,2,9.496428571428574,1597.1733293580126,8.678571428571427,0.4151373334381212,9.72,9.415714285714285,1998-02-22 11:00:00
246,-25.814285714285706,1998-02-22 23:00:00,2,9.814285714285706,1545.784459696499,8.264285714285705,0.43223329924999615,9.8,12.992456625533396,1998-02-22 23:00:00
247,-23.8,1998-02-23 11:00:00,2,9.914285714285713,2277.0677001875024,1.1000000000000014,0.8577634714908344,7.95,4.56975754785723,1998-02-23 11:00:00
248,-21.892857142857142,1998-02-23 23:00:00,2,7.892857142857142,2194.3095966788705,6.042857142857143,0.804082538345958,5.76,7.444874307451329,1998-02-23 23:00:00
249,-22.06896551724139,1998-02-24 11:00:00,2,7.21896551724139,2283.899718829348,-2.2810344827586064,0.8001785061222054,0.67,2.1522867573271096,1998-02-24 11:00:00
250,-25.3,1998-02-24 23:00:00,2,0.984848484848488,3116.391649290347,-2.6999999999999993,0.6768905145092635,9.03,-1.9101480885922868,1998-02-24 23:00:00
251,-27.92173913043478,1998-02-25 11:00:00,2,3.5467391304347835,1293.5045198087723,3.5217391304347814,0.20623222011661008,6.69,3.5098096954322395,1998-02-25 11:00:00
252,-35.92592592592592,1998-02-25 23:00:00,2,10.945925925925916,1193.0541201980539,10.597354497354488,0.3092613325478385,-999.0,1003.8334800092188,1998-02-25 23:00:00
253,-35.66538461538463,1998-02-26 11:00:00,2,11.540384615384628,1547.1006304980685,11.498717948717964,0.2388904540392861,3.1,1.0664284431317914,1998-02-26 11:00:00
254,-33.0,1998-02-26 23:00:00,2,12.5,2378.2381536014964,11.933333333333334,0.24072123189041236,7.19,5.244574664641614,1998-02-26 23:00:00
255,-19.453846153846158,1998-02-27 12:00:00,2,7.670512820512824,1898.06050095205,3.2538461538461583,0.8462600676208839,9.7,6.778981935673514,1998-02-27 12:00:00
256,-16.412903225806453,1998-02-28 00:00:00,2,8.312903225806453,1078.5550895227439,7.92956989247312,0.712819549885497,5.88,6.564988875018112,1998-02-28 00:00:00
257,-18.944444444444443,1998-02-28 11:00:00,2,7.944444444444443,1248.2965885918748,7.458730158730157,0.8460673132651538,3.1,6.1867680996206005,1998-02-28 11:00:00
258,-21.032142857142855,1998-03-01 11:00:00,3,5.665476190476188,1142.4990259629049,5.1321428571428545,0.7734587876054965,2.43,4.945597847040725,1998-03-01 11:00:00
259,-19.895454545454545,1998-03-01 23:00:00,3,3.9554545454545433,1095.2520466114984,2.245454545454546,0.7401668561398425,3.73,0.40499842551111653,1998-03-01 23:00:00
260,-23.940000000000005,1998-03-02 14:00:00,3,7.580000000000009,951.633641752413,4.390000000000008,0.7105726060052879,1.97,3.369479626074919,1998-03-02 14:00:00
261,-21.433333333333334,1998-03-02 23:00:00,3,5.27333333333333,1067.2187366411333,1.3933333333333344,0.6156185352265301,1.76,3.970772220202221,1998-03-02 23:00:00
262,-25.175,1998-03-03 11:00:00,3,8.599999999999998,1083.1944886063477,6.215,0.5858600236786781,1.77,10.345965921546034,1998-03-03 11:00:00
263,-20.419999999999998,1998-03-03 23:00:00,3,3.1199999999999974,988.8280639839975,-1.0300000000000011,0.692082966724281,3.41,4.464668272766578,1998-03-03 23:00:00
264,-26.859999999999996,1998-03-04 11:00:00,3,10.059999999999995,1214.8654696012866,10.059999999999995,0.7574386446341185,2.99,2.08,1998-03-04 11:00:00
265,-27.5,1998-03-04 23:00:00,3,10.32857142857143,1734.0030248659837,10.185714285714287,0.7406744775826122,-999.0,1002.9227889617907,1998-03-04 23:00:00
267,-22.410526315789475,1998-03-05 23:00:00,3,6.310526315789474,1421.4717562099743,5.227192982456142,0.37767347771950066,2.48,-0.5167744776293459,1998-03-05 23:00:00
268,-24.88333333333333,1998-03-06 11:00:00,3,8.199999999999996,1270.5852592336712,7.883333333333329,0.2992069379320203,4.08,-1.343165760083156,1998-03-06 11:00:00
269,-30.46666666666667,1998-03-06 23:00:00,3,13.666666666666668,1021.0879069109271,30.093675213675258,0.26917025215285684,3.76,3.3754904585129495,1998-03-06 23:00:00
270,-33.65,1998-03-07 11:00:00,3,19.525,939.4697812354451,17.489999999999995,0.2393562969556825,6.16,4.001972754925122,1998-03-07 11:00:00
271,-27.00344827586206,1998-03-07 23:00:00,3,12.90344827586206,764.8198723969148,11.57844827586206,0.18750784307388949,8.11,5.759509859655047,1998-03-07 23:00:00
273,-24.111538461538462,1998-03-08 23:00:00,3,16.611538461538462,812.6580478579442,15.386538461538462,0.1438093329133579,6.34,0.37975792758113514,1998-03-08 23:00:00
274,-29.345454545454547,1998-03-09 11:00:00,3,25.745454545454546,1121.8763287680483,24.67878787878788,0.10282687807305996,-999.0,1004.5385646635276,1998-03-09 11:00:00
275,-23.242857142857144,1998-03-09 23:00:00,3,18.84285714285714,1231.2876995277368,17.876190476190477,0.4138103931590582,2.94,8.199521073968594,1998-03-09 23:00:00
276,-16.85,1998-03-10 11:00:00,3,9.150000000000002,1115.6815486890137,7.575000000000001,0.8350919924609781,4.53,6.685,1998-03-10 11:00:00
277,-19.178260869565214,1998-03-10 23:00:00,3,10.478260869565215,1343.7270567377236,10.428260869565213,0.5043158932384925,3.44,2.1138602955535695,1998-03-10 23:00:00
278,-13.851999999999999,1998-03-11 11:00:00,3,4.151999999999999,1779.8646445805612,2.4719999999999995,0.29367508128792247,0.75,8.970606092240306,1998-03-11 11:00:00
279,-13.806666666666667,1998-03-11 23:00:00,3,3.6566666666666663,1486.0879624038027,3.6066666666666656,0.3384326729807042,1.66,7.380803791770079,1998-03-11 23:00:00
280,-12.257142857142858,1998-03-12 11:00:00,3,2.8682539682539687,1104.107317147298,1.182142857142857,0.7809024638383497,3.43,1.2847514095879284,1998-03-12 11:00:00
281,-11.772727272727273,1998-03-12 23:00:00,3,3.539393939393941,1156.560080700688,2.5227272727272734,0.5907179312556621,4.02,4.734916659389784,1998-03-12 23:00:00
282,-12.963636363636363,1998-03-13 11:00:00,3,3.463636363636363,1942.0660561242962,2.3636363636363633,0.32819979448095427,-999.0,1011.6155250194815,1998-03-13 11:00:00
283,-23.66153846153846,1998-03-13 23:00:00,3,18.761538461538457,894.1561034845466,18.04903846153846,0.34645317102354434,3.85,3.441131771766654,1998-03-13 23:00:00
285,-20.124999999999996,1998-03-14 23:00:00,3,11.024999999999997,1308.5350616193014,10.504999999999997,0.4451203350187405,-999.0,1008.262601715352,1998-03-14 23:00:00
286,-27.48,1998-03-15 11:00:00,3,14.48,1278.2493964796133,14.28,0.601648571512577,5.21,1.775543465091678,1998-03-15 11:00:00
287,-27.5,1998-03-15 23:00:00,3,12.6,1244.7587734331692,12.266666666666666,0.31746398977277784,3.45,1.0827762243047276,1998-03-15 23:00:00
288,-31.064285714285717,1998-03-16 11:00:00,3,14.74761904761905,1697.2259910361774,13.976785714285718,0.4516178288613137,4.17,0.010268282413676388,1998-03-16 11:00:00
289,-27.05,1998-03-16 23:00:00,3,9.600000000000001,921.7597612182478,8.600000000000001,0.700195955313141,6.98,2.3096462656768377,1998-03-16 23:00:00
290,-21.599999999999998,1998-03-17 11:00:00,3,4.4999999999999964,1252.9015465458451,4.233333333333331,0.8161921163539835,8.94,1.5432875420345784,1998-03-17 11:00:00
291,-20.168000000000003,1998-03-17 23:00:00,3,4.2680000000000025,1709.5060588858819,2.7680000000000042,0.6995500981744942,4.33,6.675950635038701,1998-03-17 23:00:00
292,-27.77333333333333,1998-03-18 11:00:00,3,7.373333333333331,1924.1104433148225,6.610833333333332,0.6311612707249217,3.67,4.1982495952964465,1998-03-18 11:00:00
293,-28.56086956521739,1998-03-18 23:00:00,3,8.127536231884058,879.296716777636,7.260869565217391,0.3127118581637047,-999.0,1009.3054926621636,1998-03-18 23:00:00
295,-28.20909090909091,1998-03-19 23:00:00,3,8.775757575757577,1694.8762896982194,8.475757575757576,0.3130241416190954,-999.0,1006.031661618861,1998-03-19 23:00:00
296,-23.233333333333334,1998-03-20 11:00:00,3,9.983333333333334,1687.830492287484,7.433333333333335,0.7891839472332866,-999.0,1012.0776490486177,1998-03-20 11:00:00
297,-19.975,1998-03-20 23:00:00,3,10.100000000000001,1372.8667883447317,9.350000000000001,0.7186868072209711,-999.0,1006.4597187731614,1998-03-20 23:00:00
298,-18.690909090909088,1998-03-21 14:00:00,3,9.53376623376623,941.0958953192052,6.090909090909088,0.6945060438849918,7.85,-2.914360698142713,1998-03-21 14:00:00
300,-16.133333333333333,1998-03-22 11:00:00,3,11.355555555555554,936.3622917534246,9.733333333333333,0.8073517611589461,-999.0,1010.0674157315818,1998-03-22 11:00:00
301,-13.485,1998-03-22 23:00:00,3,9.184999999999999,1036.0103679499089,8.059999999999999,0.8011709385151016,11.93,-1.972851665235666,1998-03-22 23:00:00
302,-16.125,1998-03-23 14:00:00,3,10.225,1034.0562380972096,9.058333333333334,0.6288117683138227,-999.0,0.0,1998-03-23 14:00:00
303,-21.57857142857143,1998-03-23 23:00:00,3,12.25357142857143,927.1911560387483,10.278571428571427,0.15486152488974392,-999.0,1008.0996089346221,1998-03-23 23:00:00
304,-21.316666666666666,1998-03-24 11:00:00,3,13.073809523809523,551.7876986921095,9.576666666666668,0.61545561077723,-999.0,1011.591698467233,1998-03-24 11:00:00
305,-4.6,1998-03-24 23:00:00,3,3.8999999999999995,305.6404295638444,-2.95,0.5448826181237033,-999.0,1017.5049929538193,1998-03-24 23:00:00
306,-19.8421052631579,1998-03-26 00:00:00,3,6.842105263157901,1476.6265217954515,6.642105263157902,0.1186888814444994,-999.0,1018.7999698428908,1998-03-26 00:00:00
307,-24.3,1998-03-26 11:00:00,3,8.2625,1483.7217680898161,8.200000000000003,0.25019456234104304,-999.0,1013.6741524154564,1998-03-26 11:00:00
308,-23.549999999999997,1998-03-26 23:00:00,3,5.516666666666666,826.3119476837707,4.549999999999997,0.24573753705090018,-999.0,1008.2698839226008,1998-03-26 23:00:00
309,-27.9,1998-03-27 11:00:00,3,8.7,993.7528875618365,7.98,0.6142387643773981,4.39,5.5795409351989145,1998-03-27 11:00:00
310,-23.566666666666666,1998-03-27 23:00:00,3,5.709523809523809,1027.5690859241913,5.111111111111111,0.3267117531592751,3.55,3.993857471323455,1998-03-27 23:00:00
311,-16.5,1998-03-28 11:00:00,3,1.4000000000000021,1321.7934075718438,1.2666666666666657,0.3037994613596962,3.98,6.203191432312202,1998-03-28 11:00:00
312,-16.745454545454546,1998-03-28 23:00:00,3,2.6454545454545464,1419.562194426702,2.6454545454545464,0.34490879940016983,4.94,10.193271805257599,1998-03-28 23:00:00
313,-18.0,1998-03-30 23:00:00,3,0.0,-0.0,-7.75,0.4585153207955904,4.55,1.364786745773129,1998-03-30 23:00:00
314,-20.016666666666666,1998-03-31 12:00:00,3,0.9166666666666643,149.91700622560808,-5.183333333333334,0.665137771116845,3.57,3.419616734650243,1998-03-31 12:00:00
315,-21.233333333333334,1998-03-31 23:00:00,3,0.75555555555556,829.2165875284107,-2.299999999999997,0.5970385424836357,4.06,1.7516063995281694,1998-03-31 23:00:00
748,-0.7300000000000001,1998-09-01 11:00:00,9,0.0,-0.0,-4.17,0.7491964399900161,4.23,-1003.23,1998-09-01 11:00:00
749,3.2874999999999996,1998-09-01 23:00:00,9,0.0,-0.0,-9.6875,0.857992317458894,6.58,-1005.58,1998-09-01 23:00:00
750,0.8733333333333333,1998-09-02 11:00:00,9,0.0,-0.0,-6.033333333333334,0.6972492584762714,4.17,8.193884141742258,1998-09-02 11:00:00
751,-2.6625000000000005,1998-09-02 23:00:00,9,0.0,-0.0,-1.9375,0.7464486839760383,3.13,-1002.13,1998-09-02 23:00:00
752,-3.478787878787879,1998-09-03 11:00:00,9,2.4454545454545453,660.7054276937948,-1.7545454545454544,0.7824466098872866,1.21,-1000.21,1998-09-03 11:00:00
754,-2.4096774193548383,1998-09-04 11:00:00,9,0.0,-0.0,-2.8903225806451616,0.8240047945836299,3.11,-1002.11,1998-09-04 11:00:00
755,-1.3266666666666669,1998-09-04 23:00:00,9,0.0,-0.0,-6.156666666666666,0.6053054734316331,-999.0,0.0,1998-09-04 23:00:00
756,-2.4272727272727272,1998-09-05 11:00:00,9,0.5272727272727273,754.8078409859761,0.19393939393939386,0.540875422237337,5.5,-0.9669155248466934,1998-09-05 11:00:00
757,-3.6757575757575762,1998-09-05 23:00:00,9,2.915757575757576,810.339472103598,1.7257575757575763,0.5638190318103243,6.92,-1005.92,1998-09-05 23:00:00
758,-6.279310344827586,1998-09-06 11:00:00,9,5.079310344827586,1185.887474479052,4.279310344827586,0.40877421933769165,7.08,-1006.08,1998-09-06 11:00:00
759,-2.026666666666667,1998-09-07 00:00:00,9,2.826666666666667,484.3536118863007,-1.773333333333333,0.8387053673763015,7.12,-1006.12,1998-09-07 00:00:00
760,-0.8950000000000002,1998-09-07 11:00:00,9,0.0,-0.0,-2.005,0.8024867104574176,3.81,-1002.81,1998-09-07 11:00:00
761,1.4241379310344822,1998-09-07 23:00:00,9,0.0,-0.0,-5.157471264367815,0.7646154317829326,0.88,-999.88,1998-09-07 23:00:00
762,-1.5,1998-09-08 11:00:00,9,0.19999999999999996,537.1868596235328,-2.4,0.8163251763657463,3.39,2.1299999999999994,1998-09-08 11:00:00
763,-1.403125,1998-09-08 23:00:00,9,0.4631249999999999,484.0118650916419,-2.5825892857142856,0.6886434350962155,3.34,-1002.34,1998-09-08 23:00:00
764,-2.5689655172413794,1998-09-09 11:00:00,9,0.0,-0.0,-3.2977011494252877,0.6626921575451716,3.14,-1002.14,1998-09-09 11:00:00
765,-1.3312499999999998,1998-09-09 23:00:00,9,0.0,-0.0,-5.435416666666667,0.59501143724136,3.38,1.9526638803526035,1998-09-09 23:00:00
766,-2.3799999999999994,1998-09-10 11:00:00,9,0.0,-0.0,-9.595,0.593573022986058,3.69,-1002.69,1998-09-10 11:00:00
767,-0.7290322580645161,1998-09-10 23:00:00,9,0.0,-0.0,-8.245967741935484,0.6817093316607714,3.33,-1002.33,1998-09-10 23:00:00
768,-3.577777777777778,1998-09-11 11:00:00,9,0.0,-0.0,-3.722222222222222,0.7238930539708152,2.53,1.6819433813430007,1998-09-11 11:00:00
769,-1.8133333333333332,1998-09-11 23:00:00,9,0.0,-0.0,-6.286666666666666,0.7640175920404927,4.67,-1003.67,1998-09-11 23:00:00
770,-2.3142857142857136,1998-09-12 11:00:00,9,0.0,-0.0,-5.352380952380953,0.7088045025132387,4.34,-1003.34,1998-09-12 11:00:00
771,-5.032142857142857,1998-09-12 23:00:00,9,2.257142857142857,628.6105909415755,-0.7928571428571436,0.6175432118026851,3.55,0.7122612219424402,1998-09-12 23:00:00
772,-3.466666666666665,1998-09-13 11:00:00,9,0.0,-0.0,-2.2666666666666684,0.6958079003699567,4.05,-1003.05,1998-09-13 11:00:00
773,-2.990322580645161,1998-09-14 00:00:00,9,0.0,-0.0,-2.084677419354839,0.8303135846529656,4.25,-1003.25,1998-09-14 00:00:00
774,-2.5,1998-09-14 12:00:00,9,2.6,737.2861943806239,-1.3666666666666667,0.6414096994661974,3.07,5.859987863063681,1998-09-14 12:00:00
775,-1.8066666666666669,1998-09-14 23:00:00,9,2.006666666666667,758.0414261731133,-1.4308333333333334,0.4899700043246352,2.24,-1001.24,1998-09-14 23:00:00
776,-2.713793103448276,1998-09-15 11:00:00,9,2.0137931034482763,293.74566895339444,-3.3862068965517227,0.7649582675359875,-999.0,0.0,1998-09-15 11:00:00
777,-5.896774193548387,1998-09-15 23:00:00,9,2.43010752688172,471.35952700200846,-2.903225806451614,0.7360070520529531,2.21,2.0599999999999996,1998-09-15 23:00:00
778,-3.6034482758620694,1998-09-16 11:00:00,9,0.0,-0.0,-4.396551724137931,0.46560125551608406,4.1,-1003.1,1998-09-16 11:00:00
779,-6.163636363636364,1998-09-16 23:00:00,9,0.0,-0.0,-2.336363636363636,0.4949834306133301,5.73,-1004.73,1998-09-16 23:00:00
780,-9.661538461538461,1998-09-17 12:00:00,9,4.361538461538461,397.1755389878327,-1.1384615384615397,1.0,7.5,5.504995048064128,1998-09-17 12:00:00
781,-8.0,1998-09-17 23:00:00,9,1.200000000000001,642.6337531973155,-1.3000000000000007,0.5192408431494917,7.9,-1006.9,1998-09-17 23:00:00
782,-7.922580645161293,1998-09-18 12:00:00,9,3.3225806451612936,602.9020215177189,1.7975806451612941,0.8844433968370777,10.07,-1009.07,1998-09-18 12:00:00
783,-4.546153846153847,1998-09-18 23:00:00,9,1.9461538461538468,1128.821426711287,0.6794871794871802,0.5396293847377335,9.54,3.853210923205486,1998-09-18 23:00:00
784,-2.075,1998-09-19 12:00:00,9,0.6750000000000003,702.9524181921228,-0.07499999999999973,0.9245019323021756,12.54,-1011.54,1998-09-19 12:00:00
785,0.1413793103448276,1998-09-19 23:00:00,9,0.0,-0.0,-2.1413793103448278,0.6748918014441472,11.04,-1010.04,1998-09-19 23:00:00
787,-0.1310344827586207,1998-09-20 23:00:00,9,0.0,-0.0,-0.9689655172413791,0.616588096400529,11.75,-1010.75,1998-09-20 23:00:00
789,-3.983333333333333,1998-09-22 11:00:00,9,0.0,-0.0,-4.491666666666667,0.4767728240813563,4.03,-1003.03,1998-09-22 11:00:00
790,-3.678125000000001,1998-09-22 23:00:00,9,0.0,-0.0,-5.088541666666664,0.4387398832966574,1.54,-1000.54,1998-09-22 23:00:00
791,-8.119354838709677,1998-09-23 23:00:00,9,4.319354838709677,464.82598882005607,2.0193548387096767,0.5500582132106913,-999.0,1002.7372055765308,1998-09-23 23:00:00
792,-9.654545454545454,1998-09-24 23:00:00,9,8.137878787878787,972.3194473527915,5.104545454545454,0.41539734673605666,3.03,-1002.03,1998-09-24 23:00:00
793,-2.7479999999999993,1998-09-25 23:00:00,9,0.0,-0.0,-3.152000000000001,0.6776348042587618,2.82,-1001.82,1998-09-25 23:00:00
794,-3.416129032258065,1998-09-26 23:00:00,9,0.0,-0.0,-5.633870967741936,0.7106184917984857,4.14,-1003.14,1998-09-26 23:00:00
795,-4.61153846153846,1998-09-27 23:00:00,9,0.0,-0.0,-3.3884615384615397,0.6961937245958784,-999.0,0.0,1998-09-27 23:00:00
796,-7.542307692307694,1998-09-28 23:00:00,9,0.0,-0.0,-6.657692307692305,0.7500800895161243,6.71,-1005.71,1998-09-28 23:00:00
797,-9.93666666666667,1998-09-29 23:00:00,9,1.3366666666666696,254.37742194548625,-5.16333333333333,0.7853542609772274,-999.0,0.0,1998-09-29 23:00:00
798,-8.200000000000001,1998-09-30 23:00:00,9,0.0,-0.0,-6.985714285714284,0.6631805014968191,-999.0,1009.7213957118821,1998-09-30 23:00:00
799,-8.5,1998-10-01 11:00:00,10,0.0,-0.0,-3.0999999999999996,0.5452704693668439,-999.0,1005.75,1998-10-01 11:00:00
800,-4.570000000000001,1998-10-01 23:00:00,10,0.0,-0.0,-8.454999999999998,0.7116262559339802,-999.0,1007.5022379694608,1998-10-01 23:00:00
801,-3.708421052631574,1998-10-02 11:00:00,10,0.07508771929824087,33.51917691065755,-5.491578947368425,0.8171441037220043,-999.0,0.0,1998-10-02 11:00:00
802,-5.4363636363636365,1998-10-03 00:00:00,10,0.7613636363636367,117.86356416897146,-7.463636363636364,0.795026061521972,-999.0,1004.2530329113638,1998-10-03 00:00:00
803,-11.780000000000003,1998-10-03 11:00:00,10,4.880000000000003,323.83358200476823,-1.5199999999999978,0.7467436369888167,-999.0,1004.6549978467509,1998-10-03 11:00:00
804,-8.564864864864866,1998-10-03 23:00:00,10,0.0,-0.0,-4.606563706563707,0.7788861521827795,-999.0,1003.5031835489731,1998-10-03 23:00:00
805,-9.106451612903227,1998-10-04 11:00:00,10,0.0,-0.0,-4.613548387096772,0.6504879485069651,-999.0,1002.869908710828,1998-10-04 11:00:00
806,-18.285294117647055,1998-10-04 23:00:00,10,4.818627450980388,1057.3130206501799,2.5186274509803894,0.5337197470420614,-999.0,1009.6666630575154,1998-10-04 23:00:00
807,-21.422222222222224,1998-10-05 11:00:00,10,6.662222222222223,1156.195095417146,4.922222222222224,0.5183170944046552,-999.0,1006.738189882374,1998-10-05 11:00:00
808,-21.875,1998-10-06 00:00:00,10,7.074999999999999,985.9069082376576,5.274999999999999,0.4359404105898307,-999.0,1005.38,1998-10-06 00:00:00
809,-20.693333333333335,1998-10-06 11:00:00,10,8.693333333333335,364.3432021980124,5.0933333333333355,0.4501595720007745,-999.0,1002.7845925257325,1998-10-06 11:00:00
810,-9.207407407407405,1998-10-06 23:00:00,10,0.0,-0.0,-3.9675925925925952,0.5247156385744298,-999.0,1009.4372417253414,1998-10-06 23:00:00
811,-0.8787878787878788,1998-10-07 23:00:00,10,0.0,-0.0,-11.204545454545455,0.7314000487947947,-999.0,1013.581601959243,1998-10-07 23:00:00
812,-18.361111111111107,1998-10-08 23:00:00,10,10.961111111111105,734.5844206501188,8.794444444444439,0.4559076193573584,-999.0,1004.0466615440486,1998-10-08 23:00:00
813,0.22800000000000026,1998-10-09 11:00:00,10,0.0,-0.0,-9.248,0.8284751422762349,-999.0,1015.9598307344647,1998-10-09 11:00:00
814,9.071428571428573,1998-10-09 23:00:00,10,0.0,-0.0,-15.338095238095239,0.8394773338715097,-999.0,1015.7533163207468,1998-10-09 23:00:00
815,-12.133333333333333,1998-10-10 11:00:00,10,0.0,-0.0,-5.066666666666666,0.2705825340660761,-999.0,1014.3933177016341,1998-10-10 11:00:00
