,Unnamed: 0,t0,dt0,month,inversion_strength,inversion_height,low_level_stability,rh_sub_850,surf_wind_velocity,wind_shear,dt_,rlus,rlds,rlns,T_surf,lat,lon
0,0,-16.224999999999994,1997-10-17 04:00:00,10,0.0,-0.0,-3.641666666666673,0.5766090440564531,-999.0,1005.2832505763972,1997-10-17 04:00:00,,,,,,
1,1,-17.854545454545452,1997-10-18 20:00:00,10,3.6545454545454543,877.9848209147315,1.3545454545454518,0.602644044921407,-999.0,1001.2898218409224,1997-10-18 20:00:00,,,,,,
2,2,-17.95,1997-10-18 23:00:00,10,3.9499999999999993,619.4603075596583,1.75,0.6005777315748848,-999.0,1001.906663707506,1997-10-18 23:00:00,,,,,,
3,3,-13.225,1997-10-20 04:00:00,10,0.6250000000000018,931.7001013050184,-2.174999999999999,0.4446644703603412,-999.0,1004.97,1997-10-20 04:00:00,,,,,,
4,4,-8.026923076923076,1997-10-20 23:00:00,10,0.0,-0.0,-6.073076923076924,0.8874218437987003,-999.0,1010.645,1997-10-20 23:00:00,,,,,,
5,5,-6.666666666666667,1997-10-21 11:00:00,10,0.0,-0.0,-7.783333333333332,0.7867567491865898,-999.0,1008.4391919853005,1997-10-21 11:00:00,,,,,,
6,6,-5.7,1997-10-21 23:00:00,10,0.0,-0.0,-8.499999999999996,0.8538567918626483,-999.0,1008.1599131707692,1997-10-21 23:00:00,,,,,,
7,7,-7.774999999999999,1997-10-22 11:00:00,10,0.5499999999999998,242.03896338681503,-6.791666666666669,0.814404808021187,-999.0,1004.0532972604116,1997-10-22 11:00:00,,,,,,
8,8,-10.2375,1997-10-22 23:00:00,10,0.0,-0.0,-5.6625,0.7881217112913872,-999.0,1006.5438077776122,1997-10-22 23:00:00,,,,,,
9,9,-16.8,1997-10-23 11:00:00,10,5.300000000000001,743.1424847481492,1.825000000000001,0.6585531954426094,-999.0,1008.1898087558096,1997-10-23 11:00:00,,,,,,
10,10,-18.72727272727273,1997-10-23 23:00:00,10,8.027272727272731,436.9991400008228,2.860606060606063,0.6721856138332469,-999.0,1000.6282884983252,1997-10-23 23:00:00,,,,,,
11,11,-22.171428571428574,1997-10-24 11:00:00,10,10.946428571428577,277.57396925458704,6.211428571428579,0.6163759080659558,-999.0,1005.8552219458616,1997-10-24 11:00:00,,,,,,
12,12,-22.17857142857144,1997-10-24 23:00:00,10,9.928571428571438,366.8407954192864,3.828571428571436,0.613487841441304,-999.0,1005.7546296290084,1997-10-24 23:00:00,,,,,,
13,13,-20.04814814814815,1997-10-25 11:00:00,10,8.948148148148151,528.3942693008661,3.9481481481481495,0.6864065760262896,-999.0,1006.0549973136566,1997-10-25 11:00:00,,,,,,
14,14,-22.946153846153848,1997-10-25 23:00:00,10,7.896153846153847,582.3454970485145,6.996153846153849,0.4010225788671754,-999.0,1006.645,1997-10-25 23:00:00,,,,,,
15,15,-27.28400000000001,1997-10-26 11:00:00,10,14.250666666666678,874.8778950602212,12.109000000000009,0.3532544937329345,-999.0,1014.672495526647,1997-10-26 11:00:00,,,,,,
16,16,-28.500000000000004,1997-10-26 23:00:00,10,13.316666666666668,952.1172861736436,11.820000000000004,0.2793086123760434,-999.0,1009.415026679298,1997-10-26 23:00:00,,,,,,
17,17,-26.9875,1997-10-27 23:00:00,10,12.8625,955.5034402209972,11.6875,0.4421318077168989,-999.0,1004.295,1997-10-27 23:00:00,,,,,,
18,18,-28.899999999999995,1997-10-28 11:00:00,10,15.299999999999995,750.2045203175472,13.499999999999996,0.4930278533875468,-999.0,1000.799660941606,1997-10-28 11:00:00,,,,,,
19,19,-28.12307692307692,1997-10-28 23:00:00,10,13.92307692307692,581.0675794462778,12.289743589743583,0.5231103902524684,-999.0,1001.9727801286402,1997-10-28 23:00:00,,,,,,
20,20,-22.125000000000004,1997-10-29 11:00:00,10,8.025000000000004,813.4862381217736,6.5500000000000025,0.5653360130016474,-999.0,1008.0149590375962,1997-10-29 11:00:00,,,,,,
21,21,-16.518749999999997,1997-10-29 23:00:00,10,1.9387499999999955,972.42002857716,0.8187499999999979,0.610202442808564,-999.0,1008.51,1997-10-29 23:00:00,,,,,,
22,22,-13.0,1997-10-30 11:00:00,10,1.2599999999999998,514.6397245338708,-3.0666666666666664,0.7636603254189183,-999.0,1006.6161060436492,1997-10-30 11:00:00,,,,,,
23,23,-13.181249999999997,1997-10-30 23:00:00,10,0.0,-0.0,-0.6187500000000039,0.5590085020961862,-999.0,1006.8539644240104,1997-10-30 23:00:00,,,,,,
24,24,-26.48333333333333,1997-10-31 23:00:00,10,11.85,1633.4378422867271,9.083333333333336,0.576204741935376,-999.0,1005.4233268187376,1997-10-31 23:00:00,,,,,,
25,25,-13.803448275862076,1997-11-01 14:00:00,11,0.6034482758620783,116.30866664281022,-2.663218390804589,0.7495762308095243,6.78,4.913329376127913,1997-11-01 14:00:00,253.6,256.0,2.4000000000000057,-14.0,75.72006,-144.13028
26,26,-21.89375,1997-11-02 11:00:00,11,11.660416666666665,411.6777822620573,4.4687499999999964,0.4751141175302047,3.33,6.582481139875839,1997-11-02 11:00:00,223.1,177.7,-45.400000000000006,-22.03,75.74802,-143.93677
27,27,-17.96153846153846,1997-11-02 23:00:00,11,5.761538461538461,664.4133738889468,0.1615384615384592,0.5478227693672306,-999.0,1006.6482352331392,1997-11-02 23:00:00,245.8,252.9,7.099999999999994,-16.07,75.78672,-143.92855
28,28,-17.725,1997-11-03 12:00:00,11,6.225000000000001,397.9708864099064,-0.0416666666666643,0.3281312806374641,5.83,-1004.83,1997-11-03 12:00:00,228.5,169.3,-59.19999999999999,-20.55,75.84191,-143.98079
29,29,-19.59310344827585,1997-11-03 15:00:00,11,8.693103448275854,433.4416941134292,3.0264367816091884,0.3995865028475037,5.0,2.113073267831997,1997-11-03 15:00:00,224.3,173.0,-51.30000000000001,-21.76,75.8533,-143.98557
30,30,-19.63333333333334,1997-11-03 23:00:00,11,7.400000000000006,577.4089671822176,5.866666666666674,0.6862078114004222,5.21,-2.680435211843025,1997-11-03 23:00:00,234.7,219.4,-15.299999999999983,-19.02,75.87563,-143.99568
31,31,-23.6125,1997-11-04 11:00:00,11,14.7125,1556.6480289806857,14.6325,0.5265427281833855,-999.0,1003.6433521076956,1997-11-04 11:00:00,217.0,177.9,-39.099999999999994,-23.89,75.9119,-144.01109
32,32,-25.196774193548396,1997-11-04 23:00:00,11,16.45677419354839,1053.614460368239,15.121774193548392,0.5138355460691124,3.08,-0.8441499746036105,1997-11-04 23:00:00,211.5,182.5,-29.0,-25.54,75.93891,-144.01329
33,33,-20.316666666666663,1997-11-05 23:00:00,11,3.599999999999998,822.1610624442737,2.9309523809523803,0.5340671785121086,6.65,2.908367494637305,1997-11-05 23:00:00,232.5,226.3,-6.199999999999989,-19.72,75.96815,-144.1154
34,34,-16.0,1997-11-07 00:00:00,11,3.0,886.1071515440879,1.2333333333333345,0.7549585520194468,12.62,4.719923742545548,1997-11-07 00:00:00,249.1,248.9,-0.19999999999998863,-15.39,75.96227,-144.61485
35,35,-15.57142857142857,1997-11-07 11:00:00,11,4.37142857142857,816.6573869414697,-0.028571428571432,0.5366316006145505,10.01,0.5762041897893972,1997-11-07 11:00:00,249.2,251.5,2.3000000000000114,-15.39,75.98589,-144.8742
36,36,-13.569696969696976,1997-11-07 23:00:00,11,2.3696969696969763,1910.4155432947116,0.2411255411255481,0.7322352657004833,6.67,-1005.67,1997-11-07 23:00:00,256.6,257.8,1.1999999999999886,-13.53,76.01054,-145.00977
37,37,-13.66875,1997-11-08 02:00:00,11,3.46875,1077.6533328357236,1.6258928571428566,0.766429508274424,6.75,-1.1805717805156073,1997-11-08 02:00:00,253.7,242.5,-11.199999999999989,-14.24,76.01453,-145.03812
38,38,-16.24782608695652,1997-11-08 11:00:00,11,7.414492753623184,986.8793127695984,5.967826086956517,0.7680658755642007,6.64,-3.4480118246089866,1997-11-08 11:00:00,241.3,212.9,-28.400000000000006,-17.43,76.02716,-145.14022
39,39,-19.33529411764706,1997-11-09 00:00:00,11,9.63529411764706,808.7664523505521,8.33529411764706,0.7545569168826718,-999.0,1000.9302274715902,1997-11-09 00:00:00,220.8,186.8,-34.0,-23.04,76.03696,-145.23579
40,40,-12.308000000000002,1997-11-09 11:00:00,11,2.1580000000000013,681.1726206490815,1.6080000000000023,0.682010605340799,4.39,-1003.39,1997-11-09 11:00:00,262.9,266.1,3.2000000000000455,-12.02,76.05254,-145.27176
41,41,-10.913793103448276,1997-11-09 15:00:00,11,1.5637931034482744,1104.5667723738864,0.3137931034482744,0.6569753613102216,-999.0,1003.5925,1997-11-09 15:00:00,267.1,267.6,0.5,-10.98,76.0638,-145.28207
42,42,-13.483333333333334,1997-11-09 23:00:00,11,5.483333333333334,571.6043197758023,2.450000000000001,0.4435675038831567,3.69,6.174841287226228,1997-11-09 23:00:00,248.9,231.6,-17.30000000000001,-15.53,76.08841,-145.30142
43,43,-19.008,1997-11-10 11:00:00,11,14.341333333333328,588.2319548252332,11.624666666666664,0.2549820748110762,1.81,1.890702380707808,1997-11-10 11:00:00,233.0,210.6,-22.400000000000006,-19.77,76.09718,-145.29068
44,44,-14.193749999999998,1997-11-10 23:00:00,11,11.668749999999998,636.1497506724556,9.677083333333332,0.6997819017845213,-999.0,1011.6849973616978,1997-11-10 23:00:00,254.5,253.0,-1.5,-14.19,76.09904,-145.48628
45,45,-13.114285714285712,1997-11-11 11:00:00,11,10.814285714285711,685.721895998531,-18.58571428571429,0.6141161788140919,-999.0,0.0,1997-11-11 11:00:00,256.6,235.2,-21.400000000000034,-13.61,76.11057,-145.82588
46,46,-13.168749999999998,1997-11-11 23:00:00,11,12.218749999999998,1341.1076735548706,12.05625,0.4498221716554118,-999.0,1005.5324217835056,1997-11-11 23:00:00,259.6,259.3,-0.30000000000001137,-12.93,76.13342,-146.09573
47,47,-13.9,1997-11-12 11:00:00,11,14.94,1004.4535358633542,14.48,0.4671988780169473,-999.0,1002.86521047138,1997-11-12 11:00:00,255.9,248.8,-7.099999999999994,-13.88,76.15009,-146.28685
48,48,-10.82222222222222,1997-11-12 23:00:00,11,7.572222222222221,725.4444183842805,6.4722222222222205,0.9234685749071744,7.27,3.112006242347407,1997-11-12 23:00:00,266.9,268.2,1.3000000000000114,-11.17,76.17582,-146.54328
49,49,-10.222580645161283,1997-11-13 11:00:00,11,2.722580645161285,1098.676946276953,2.589247311827952,0.8887854760291448,-999.0,1008.6666044646406,1997-11-13 11:00:00,269.9,270.0,0.10000000000002274,-10.46,76.17347,-146.54243
50,50,-12.858333333333336,1997-11-13 23:00:00,11,2.7583333333333364,1657.2677809581828,0.358333333333336,0.7575579745335543,-999.0,1014.9645218568174,1997-11-13 23:00:00,257.1,251.2,-5.900000000000034,-13.62,76.14743,-146.2781
51,51,-13.1,1997-11-14 12:00:00,11,2.6999999999999997,2372.5370951591512,-0.2000000000000028,0.7809823060456555,8.69,2.123102749355551,1997-11-14 12:00:00,255.7,250.0,-5.699999999999989,-14.0,76.0955,-145.96848
52,52,-21.44062499999999,1997-11-14 23:00:00,11,14.640624999999991,1481.671516348615,14.604261363636354,0.5101706425870612,3.56,9.160753475424574,1997-11-14 23:00:00,215.6,180.1,-35.5,-24.74,76.07032,-145.85905
53,53,-13.830769230769238,1997-11-15 11:00:00,11,4.630769230769237,1125.150570138993,3.2107692307692397,0.8491817231458013,5.77,-1004.77,1997-11-15 11:00:00,255.5,254.1,-1.4000000000000057,-14.1,76.06999,-145.91597
54,54,-14.814285714285717,1997-11-16 00:00:00,11,4.914285714285715,960.6952948248928,3.314285714285715,0.4904824493526407,-999.0,1004.4946464827924,1997-11-16 00:00:00,250.7,249.7,-1.0,-15.3,76.09689,-146.076
55,55,-19.725,1997-11-16 11:00:00,11,7.262500000000001,836.1452606486166,5.225000000000001,0.7136548478423133,5.42,-3.0641038667199028,1997-11-16 11:00:00,234.5,230.4,-4.099999999999994,-19.57,76.10388,-146.19472
56,56,-22.66176470588236,1997-11-16 23:00:00,11,9.061764705882364,859.8168294107576,6.76176470588236,0.6923499877116188,3.77,-0.659683645473403,1997-11-16 23:00:00,210.0,185.4,-24.599999999999994,-26.43,76.11025,-146.27414
57,57,-29.46296296296296,1997-11-17 11:00:00,11,16.66296296296296,749.9039088814711,14.587962962962962,0.2714078747847466,-999.0,1003.292234622039,1997-11-17 11:00:00,191.3,163.4,-27.900000000000006,-32.07,76.11397,-146.34684
58,58,-31.299999999999983,1997-11-17 23:00:00,11,18.26666666666665,711.8584360601518,16.44285714285712,0.4069644946134298,-999.0,1002.5864843003144,1997-11-17 23:00:00,187.6,159.0,-28.599999999999994,-33.23,76.11374,-146.4091
59,59,-28.300000000000004,1997-11-18 11:00:00,11,15.011111111111116,1432.9386467604756,14.091666666666674,0.1952105340191948,1.0,3.578911269284495,1997-11-18 11:00:00,191.0,166.2,-24.80000000000001,-32.18,76.10913,-146.46087
60,60,-29.35,1997-11-18 23:00:00,11,16.700000000000003,1569.3370605474104,16.516666666666666,0.1739725974645659,-999.0,1001.1595846968096,1997-11-18 23:00:00,192.8,165.1,-27.700000000000017,-31.58,76.09985,-146.51792
61,62,-27.44,1997-11-19 23:00:00,11,15.954285714285712,1287.3529242480156,14.506666666666666,0.3981285871208616,3.1,0.5880396387669746,1997-11-19 23:00:00,192.7,159.6,-33.099999999999994,-31.61,76.08426,-146.744
62,63,-26.32,1997-11-20 11:00:00,11,15.195,849.0572851473994,12.92,0.3762811772827479,-999.0,1008.4385590144258,1997-11-20 11:00:00,200.1,164.2,-35.900000000000006,-29.3,999.0,999.0
63,64,-24.7,1997-11-20 23:00:00,11,13.966666666666663,734.0591585455232,12.45,0.5900898701514594,-999.0,1009.6134025303288,1997-11-20 23:00:00,214.1,198.3,-15.799999999999983,-25.21,76.08481,-146.76235
64,65,-22.94,1997-11-21 23:00:00,11,10.139999999999995,587.5133550748554,7.089999999999998,0.4681744885611108,0.8,0.7416131070115641,1997-11-21 23:00:00,198.3,167.9,-30.400000000000006,-29.86,76.13935,-147.18344
65,66,-19.192307692307693,1997-11-22 11:00:00,11,5.708974358974359,427.4575430149263,2.3923076923076927,0.4211069287520944,-999.0,1001.7174340431936,1997-11-22 11:00:00,236.9,236.9,0.0,-18.9,76.14974,-147.21069
66,67,-19.3,1997-11-22 23:00:00,11,4.155555555555555,1130.01005135498,3.899999999999999,0.6838374169229954,-999.0,1002.7497631045592,1997-11-22 23:00:00,237.9,236.7,-1.200000000000017,-18.62,76.16112,-147.236
67,68,-15.16666666666666,1997-11-23 11:00:00,11,0.7999999999999936,1070.2168930602404,0.3333333333333268,0.7453150290497215,6.58,-1.6533350179520223,1997-11-23 11:00:00,248.7,239.2,-9.5,-15.74,76.17857,-147.28535
68,70,-17.87777777777778,1997-11-24 11:00:00,11,1.637777777777778,1066.1629463927047,0.9944444444444508,0.802248351608009,8.79,-1.193474882400805,1997-11-24 11:00:00,240.8,238.4,-2.4000000000000057,-17.81,76.23307,-147.53398
69,71,-14.521052631578948,1997-11-24 23:00:00,11,0.6210526315789462,1447.6667716279628,-2.078947368421055,0.7309618982801207,6.26,1.5753543121005604,1997-11-24 23:00:00,251.3,249.8,-1.5,-15.05,76.2394,-147.75796
70,72,-24.719999999999995,1997-11-25 11:00:00,11,9.219999999999995,217.18178048676532,8.205714285714283,0.4503106805121948,4.75,-0.368777194961619,1997-11-25 11:00:00,207.9,165.3,-42.599999999999994,-26.87,76.2532,-147.83165
71,73,-31.03333333333333,1997-11-25 23:00:00,11,15.433333333333332,1255.5263705618704,15.23333333333333,0.4987840213859879,3.7,1.5646858389012186,1997-11-25 23:00:00,189.5,159.6,-29.900000000000006,-32.51,76.25533,-147.7737
72,74,-32.906666666666666,1997-11-26 11:00:00,11,16.206666666666667,1454.935345524921,15.426666666666666,0.4257239607968837,0.54,5.915569360850255,1997-11-26 11:00:00,170.6,149.0,-21.599999999999994,-38.75,76.25826,-147.71251
73,75,-19.111111111111114,1997-11-26 23:00:00,11,0.7511111111111184,1496.3440547756668,0.2777777777777821,0.4371721672592534,-999.0,1001.3665940796452,1997-11-26 23:00:00,204.9,189.2,-15.700000000000017,-27.78,76.26449,-147.67264
74,76,-18.9,1997-11-27 11:00:00,11,0.0230769230769176,16.746093202049597,-0.1000000000000014,0.7670909550893972,7.04,0.5895637694779952,1997-11-27 11:00:00,233.2,223.9,-9.299999999999983,-19.71,76.2448,-147.70871
75,77,-23.0,1997-11-27 23:00:00,11,3.2857142857142847,1662.038225572831,3.049999999999997,0.7928971779656784,5.98,-4.115211151924765,1997-11-27 23:00:00,213.2,170.5,-42.69999999999999,-25.21,76.20278,-147.71138
76,78,-22.777777777777786,1997-11-28 11:00:00,11,4.663492063492072,1350.6249185741997,4.563492063492067,0.7667506226622196,6.05,-1.7550097671276506,1997-11-28 11:00:00,223.3,223.2,-0.10000000000002274,-22.42,76.18087,-147.71009
77,80,-31.82857142857144,1997-11-29 11:00:00,11,11.32857142857144,1330.2201460681729,11.32857142857144,0.4876246992039799,4.81,2.209888362194607,1997-11-29 11:00:00,185.3,153.2,-32.10000000000002,-33.69,76.13176,-147.58532
78,81,-33.6,1997-11-29 23:00:00,11,13.581818181818186,1276.259327574825,13.3,0.3748472312780626,-999.0,1001.3698031171792,1997-11-29 23:00:00,173.9,146.1,-27.80000000000001,-37.46,999.0,999.0
79,82,-24.00967741935484,1997-11-30 11:00:00,11,6.322177419354841,1122.4052587939898,5.052534562211985,0.7187468987384574,8.3,4.634032516968876,1997-11-30 11:00:00,215.7,209.8,-5.899999999999977,-24.5,76.12838,-147.63838
80,83,-17.5,1997-11-30 23:00:00,11,0.0538461538461518,16.501102338495432,-5.833333333333332,0.8166536688412362,6.76,4.119602296028024,1997-11-30 23:00:00,241.8,239.9,-1.9000000000000057,-17.31,76.13757,-147.82747
81,84,-25.621052631578955,1997-12-01 11:00:00,12,5.821052631578954,182.8013378156623,0.6210526315789551,0.6199208749120951,7.17,-0.2428330433948105,1997-12-01 11:00:00,202.4,154.6,-47.80000000000001,-28.31,76.15372,-147.7637
82,85,-29.899999999999995,1997-12-01 23:00:00,12,7.0,1568.927736914266,6.628571428571426,0.4633332164508837,5.13,-1004.13,1997-12-01 23:00:00,189.6,139.0,-50.599999999999994,-32.24,76.14777,-147.50568
83,86,-31.04782608695652,1997-12-02 02:00:00,12,8.14782608695652,1246.3236766355146,7.947826086956514,0.3800149023051951,-999.0,1009.0333096488608,1997-12-02 02:00:00,185.8,134.9,-50.900000000000006,-33.44,999.0,999.0
84,87,-34.37142857142857,1997-12-02 11:00:00,12,10.071428571428566,1291.602031481969,9.971428571428568,0.2886789268919379,2.63,0.8589329317345054,1997-12-02 11:00:00,160.9,128.3,-32.599999999999994,-41.95,76.1404,-147.39416
85,88,-32.300000000000004,1997-12-02 23:00:00,12,9.90000000000001,1388.9935170109843,9.687500000000004,0.6658282715028788,-999.0,1003.5024417835068,1997-12-02 23:00:00,191.3,190.2,-1.1000000000000227,-31.84,76.14255,-147.43038
86,89,-26.73333333333333,1997-12-03 11:00:00,12,10.213333333333336,1753.9430480890735,6.683333333333334,0.8474119337269949,10.18,-0.0751384988991805,1997-12-03 11:00:00,211.0,213.1,2.0999999999999943,-25.88,76.11048,-147.63234
87,90,-23.71666666666667,1997-12-03 23:00:00,12,5.959523809523812,1716.9825307296296,3.31666666666667,0.8149229301272426,11.35,8.779992335081703,1997-12-03 23:00:00,220.4,219.7,-0.700000000000017,-23.16,76.04343,-147.84062
88,91,-26.955882352941178,1997-12-04 11:00:00,12,4.722549019607843,1706.1779819190122,4.4558823529411775,0.5076106815425333,13.2,7.728563627071672,1997-12-04 11:00:00,204.4,168.7,-35.70000000000002,-27.72,75.92709,-147.79876
89,92,-31.09333333333333,1997-12-04 23:00:00,12,5.443333333333332,1418.3199310961334,5.193333333333332,0.4227852047317723,5.3,6.819999999999999,1997-12-04 23:00:00,183.6,130.7,-52.900000000000006,-34.14,75.86715,-147.61972
90,93,-32.980000000000004,1997-12-05 11:00:00,12,8.880000000000006,892.806005015242,7.951428571428575,0.4474761338959476,2.53,4.710502216330221,1997-12-05 11:00:00,178.4,134.7,-43.70000000000002,-35.87,75.87063,-147.50203
91,94,-35.7,1997-12-05 23:00:00,12,13.600000000000003,2161.0472463515,12.533333333333337,0.3517497523654393,2.58,-0.3995751343741016,1997-12-05 23:00:00,171.5,138.7,-32.80000000000001,-38.23,75.88605,-147.47578
92,95,-32.45357142857144,1997-12-06 11:00:00,12,11.978571428571437,2565.183482364754,10.57857142857144,0.2655793510407694,4.83,3.744931283150049,1997-12-06 11:00:00,180.1,138.6,-41.5,-35.34,75.89773,-147.55884
93,96,-30.4875,1997-12-06 23:00:00,12,11.9875,1680.199212070674,11.212500000000002,0.2615157232166941,6.73,5.457402414527747,1997-12-06 23:00:00,191.8,165.1,-26.700000000000017,-31.62,75.90124,-147.7293
94,97,-25.2,1997-12-07 11:00:00,12,7.599999999999998,791.9463231570161,6.599999999999998,0.6575075719778526,12.56,5.4499999999999975,1997-12-07 11:00:00,214.4,223.1,8.699999999999989,-24.95,75.89061,-148.08368
95,98,-21.4,1997-12-07 23:00:00,12,6.599999999999998,2079.441387721297,5.0,0.7854032870409414,13.94,3.843315274610488,1997-12-07 23:00:00,227.2,227.6,0.4000000000000057,-21.32,75.87463,-148.55475
96,99,-21.2,1997-12-08 11:00:00,12,5.0,1153.776468861802,3.6999999999999993,0.8200704264687797,12.29,-0.2004419347113941,1997-12-08 11:00:00,229.5,231.2,1.6999999999999886,-20.7,75.86521,-148.95905
97,101,-29.0,1997-12-09 11:00:00,12,9.216666666666663,1370.5536610801437,8.875,0.5986605989754546,9.27,-1008.27,1997-12-09 11:00:00,199.1,152.3,-46.79999999999998,-29.4,75.8242,-149.55711
98,102,-32.3,1997-12-09 23:00:00,12,10.799999999999995,1203.3271800082127,10.04166666666666,0.2733924646550165,8.75,0.8666387153983184,1997-12-09 23:00:00,186.1,137.1,-49.0,-33.47,75.79516,-149.78117
99,103,-33.90666666666666,1997-12-10 11:00:00,12,10.68666666666666,980.7717358563356,10.006666666666655,0.4260570563833212,8.48,0.0371749901058962,1997-12-10 11:00:00,181.1,138.1,-43.0,-35.14,75.76652,-150.02784
100,104,-32.09333333333335,1997-12-10 23:00:00,12,9.218333333333351,1060.251071850555,7.793333333333347,0.4280340778373654,7.89,4.404925094665091,1997-12-10 23:00:00,184.6,136.7,-47.900000000000006,-34.0,75.74867,-150.24227
101,105,-32.37826086956521,1997-12-11 11:00:00,12,10.444927536231877,1120.200637784007,9.7639751552795,0.3767337631548066,6.45,7.913928257491023,1997-12-11 11:00:00,182.3,137.0,-45.30000000000001,-34.79,75.73711,-150.37509
102,107,-31.83333333333333,1997-12-12 11:00:00,12,11.308333333333334,1247.7403763757347,10.158333333333331,0.2578250416243324,5.47,6.336866915909039,1997-12-12 11:00:00,186.1,144.9,-41.19999999999999,-33.61,75.7444,-150.60081
103,108,-31.161538461538463,1997-12-12 23:00:00,12,11.361538461538462,1036.104219795731,10.150427350427352,0.2518485356308368,5.54,8.734396157586282,1997-12-12 23:00:00,187.5,139.6,-47.900000000000006,-33.16,75.74048,-150.70088
104,109,-28.066666666666663,1997-12-13 11:00:00,12,11.416666666666668,1047.851740579519,10.366666666666667,0.5654059601754725,-999.0,1012.5828397900729,1997-12-13 11:00:00,198.5,155.8,-42.69999999999999,-29.77,75.70088,-150.73066
105,110,-29.52307692307692,1997-12-13 23:00:00,12,11.22307692307692,1081.1480860376766,10.52307692307692,0.505010514372408,-999.0,1004.9549795925628,1997-12-13 23:00:00,194.7,152.6,-42.099999999999994,-30.97,75.6711,-150.71844
106,111,-29.264705882352946,1997-12-14 11:00:00,12,13.224705882352946,1143.1331772211645,12.864705882352949,0.4835038309436743,3.27,6.346510471905591,1997-12-14 11:00:00,190.3,153.2,-37.10000000000002,-32.37,75.6378,-150.62198
107,112,-22.45,1997-12-14 23:00:00,12,8.049999999999999,954.7330140796132,6.321428571428569,0.6898452803744913,4.19,-3.4182918472746358,1997-12-14 23:00:00,222.9,231.0,8.099999999999994,-22.84,75.61501,-150.48546
108,114,-32.37931034482759,1997-12-15 23:00:00,12,11.16264367816092,1956.790673214517,9.53931034482759,0.193266862907853,6.28,2.769716337460303,1997-12-15 23:00:00,187.1,130.0,-57.099999999999994,-33.39,75.58191,-150.46085
109,115,-36.459259259259255,1997-12-16 11:00:00,12,14.346759259259258,1379.7541450484046,14.319259259259251,0.1889292469761157,2.99,7.839144455159843,1997-12-16 11:00:00,172.5,126.4,-46.099999999999994,-38.26,75.57611,-150.51196
110,116,-35.94615384615384,1997-12-16 23:00:00,12,15.84615384615384,1842.2179244645447,14.312820512820505,0.2503400696386633,1.55,3.5373834091423486,1997-12-16 23:00:00,173.4,144.1,-29.30000000000001,-38.01,75.57533,-150.50931
111,117,-31.6,1997-12-17 11:00:00,12,13.86,2871.1000478613423,11.475,0.1856541853010182,1.14,1.0738168963043868,1997-12-17 11:00:00,173.3,139.1,-34.20000000000002,-38.05,75.57459,-150.46819
112,118,-29.83333333333334,1997-12-17 23:00:00,12,11.369696969696976,2001.124097382987,8.483333333333341,0.2604378086014721,1.55,1.084954095667377,1997-12-17 23:00:00,183.2,138.3,-44.89999999999998,-34.77,75.57661,-150.42093
113,119,-27.625000000000004,1997-12-18 11:00:00,12,9.725000000000003,2260.897222068972,2.0500000000000007,0.3837308888495992,2.97,1.0373743595303693,1997-12-18 11:00:00,201.0,193.9,-7.099999999999994,-29.31,75.57424,-150.38467
114,120,-29.83333333333333,1997-12-18 23:00:00,12,11.506060606060604,1545.165144854952,11.44583333333333,0.2781905451279399,2.21,5.2058687797164565,1997-12-18 23:00:00,191.3,144.9,-46.400000000000006,-32.22,75.56445,-150.32751
115,121,-29.73333333333333,1997-12-19 23:00:00,12,6.93333333333333,1214.9909580503245,6.033333333333331,0.6843481644054485,2.68,6.526405153828696,1997-12-19 23:00:00,199.6,190.8,-8.799999999999983,-29.8,75.53847,-150.2687
116,122,-35.1,1997-12-20 11:00:00,12,10.150000000000002,1079.4236603816232,8.666666666666668,0.5943414510010727,2.7,4.436637688573333,1997-12-20 11:00:00,175.9,135.1,-40.80000000000001,-37.24,75.52722,-150.27352
117,123,-35.82173913043478,1997-12-20 23:00:00,12,8.605072463768114,1597.3211769523646,8.532850241545884,0.6394946843685378,-999.0,1008.6682406844062,1997-12-20 23:00:00,167.4,127.8,-39.60000000000001,-40.13,75.51312,-150.2672
118,124,-36.9,1997-12-21 11:00:00,12,8.2,921.9490104958678,6.899999999999999,0.6292608888920348,2.92,2.483128907491228,1997-12-21 11:00:00,166.8,124.3,-42.500000000000014,-40.3,75.49734,-150.2583
119,125,-39.11666666666667,1997-12-22 00:00:00,12,12.30238095238095,1183.669009182392,11.545238095238094,0.5722563965627963,2.68,3.3142417351552083,1997-12-22 00:00:00,162.1,125.4,-36.69999999999999,-41.97,75.48013,-150.26667
120,126,-32.425,1997-12-22 11:00:00,12,9.025,809.3459577772967,7.899999999999999,0.718626456481892,3.7,-1002.7,1997-12-22 11:00:00,182.7,153.7,-29.0,-34.96,75.4563,-150.23891
121,127,-30.025,1997-12-22 23:00:00,12,6.324999999999999,360.4713173099332,5.491666666666667,0.7265896250303016,5.4,6.219996061987137,1997-12-22 23:00:00,191.1,150.4,-40.69999999999999,-32.19,75.41076,-150.16381
122,128,-28.405555555555548,1997-12-23 11:00:00,12,5.938888888888879,1553.9436255505716,5.522222222222212,0.7028089530767864,5.1,-1004.1,1997-12-23 11:00:00,198.3,151.9,-46.400000000000006,-29.95,75.35666,-150.05996
123,129,-27.02631578947369,1997-12-23 23:00:00,12,3.276315789473692,1126.2069425716777,3.12631578947369,0.6942783062167226,6.41,7.674994636830581,1997-12-23 23:00:00,207.0,196.5,-10.5,-27.41,75.3079,-149.97256
124,130,-31.620000000000005,1997-12-24 11:00:00,12,8.245000000000005,1339.1753420400946,8.145000000000003,0.6436539674011672,4.06,5.304636776316598,1997-12-24 11:00:00,187.3,142.6,-44.70000000000002,-33.33,75.28841,-149.9549
125,131,-34.275,1997-12-24 23:00:00,12,11.089285714285715,1556.109414934502,10.260714285714286,0.6629919980663634,3.24,8.46670705295159,1997-12-24 23:00:00,178.2,140.4,-37.79999999999998,-36.29,75.28383,-149.94599
126,132,-35.480000000000004,1997-12-25 11:00:00,12,11.780000000000008,2180.42071336293,10.380000000000006,0.6726722431829956,1.81,8.034755832732229,1997-12-25 11:00:00,172.2,138.5,-33.69999999999999,-38.3,75.28482,-149.94931
127,133,-31.128,1997-12-25 23:00:00,12,7.202999999999999,2502.9142601848785,5.527999999999995,0.6538795723210576,0.9,-999.9,1997-12-25 23:00:00,173.1,138.7,-34.400000000000006,-37.99,75.28643,-149.94482
128,134,-30.811111111111117,1997-12-26 02:00:00,12,7.011111111111113,2331.569779160634,5.477777777777781,0.6412254327948701,1.12,3.1466229463545625,1997-12-26 02:00:00,173.6,138.7,-34.900000000000006,-37.81,75.28651,-149.94311
129,135,-30.55,1997-12-26 11:00:00,12,7.474999999999998,1861.0310780678492,6.050000000000001,0.4710747874590563,-999.0,1003.847096042277,1997-12-26 11:00:00,175.3,136.8,-38.5,-37.19,75.28769,-149.93528
130,136,-30.2,1997-12-26 23:00:00,12,6.771428571428565,1196.9366131452928,5.899999999999999,0.4582461333378604,-999.0,1004.6311497729852,1997-12-26 23:00:00,169.3,136.4,-32.900000000000006,-39.26,75.29105,-149.93832
131,138,-34.5,1997-12-27 23:00:00,12,8.5,883.7373949270478,8.0,0.5914309743095597,2.22,1.299527074506455,1997-12-27 23:00:00,175.0,133.1,-41.900000000000006,-37.25,75.29608,-149.95806
132,139,-38.2,1997-12-28 11:00:00,12,12.887500000000005,1724.470503111263,12.560000000000006,0.5020628749214299,2.32,1.396513774664514,1997-12-28 11:00:00,169.2,130.6,-38.599999999999994,-39.2,75.29533,-149.95647
133,140,-37.5,1997-12-28 23:00:00,12,10.675,1116.174914577204,10.25,0.5519663055998913,2.61,0.8443543909266822,1997-12-28 23:00:00,166.0,129.9,-36.099999999999994,-40.3,75.29595,-149.95914
134,141,-36.65555555555555,1997-12-29 11:00:00,12,9.07555555555555,1702.8313514474455,8.57222222222222,0.5975752778459023,2.37,1.468327989654588,1997-12-29 11:00:00,163.5,130.8,-32.69999999999999,-41.16,75.29603,-149.96733
135,143,-39.24347826086957,1997-12-30 11:00:00,12,11.018478260869577,745.9967634780918,9.543478260869572,0.4834040258487533,5.29,0.0875161604675804,1997-12-30 11:00:00,163.1,125.3,-37.8,-41.26,75.28903,-149.99348
136,144,-38.92,1997-12-30 23:00:00,12,11.12,657.9102742428955,8.740000000000002,0.3059755529024402,4.21,7.015965785663689,1997-12-30 23:00:00,162.8,120.9,-41.900000000000006,-41.31,75.28224,-149.97733
137,145,-41.5,1997-12-31 11:00:00,12,12.9,2496.1395080354505,11.166666666666668,0.3451756270622628,3.59,9.80658050483204,1997-12-31 11:00:00,160.8,117.9,-42.900000000000006,-42.0,75.26414,-149.99083
138,146,-39.58125,1997-12-31 23:00:00,12,11.93125,389.0837712253722,16.964450867052026,0.5069425098095068,3.85,-1002.85,1997-12-31 23:00:00,161.2,124.0,-37.19999999999999,-41.87,75.24737,-149.99954
139,147,-39.82,1998-01-01 02:00:00,1,12.420000000000003,263.7433326206404,17.19677804295952,0.4890205899518365,3.27,7.999931339789978,1998-01-01 02:00:00,161.1,125.1,-36.0,-41.93,75.24335,-149.99956
140,148,-37.8,1998-01-01 11:00:00,1,11.066666666666665,588.5049654560642,8.899999999999999,0.5156891191409926,3.95,7.510828166342773,1998-01-01 11:00:00,167.0,125.2,-41.8,-39.78,75.23235,-149.98664
141,149,-39.17272727272727,1998-01-01 23:00:00,1,11.272727272727272,715.2104438111894,10.072727272727269,0.4610264502274545,3.09,-1002.09,1998-01-01 23:00:00,163.9,124.3,-39.60000000000001,-40.85,75.2205,-150.00115
142,150,-37.9,1998-01-02 11:00:00,1,11.099999999999998,1582.0421462814058,11.066666666666666,0.3337481594997218,-999.0,1007.185548773194,1998-01-02 11:00:00,164.7,124.7,-39.999999999999986,-40.58,999.0,999.0
143,151,-37.73333333333334,1998-01-02 23:00:00,1,14.293333333333337,1361.93356428986,13.293333333333344,0.3840497586171536,-999.0,1009.5379679054942,1998-01-02 23:00:00,,,,,,
144,152,-31.1,1998-01-03 11:00:00,1,9.200000000000006,726.4208913837535,6.719999999999999,0.6350104684227013,7.52,5.939995088437801,1998-01-03 11:00:00,188.8,145.4,-43.400000000000006,-32.47,999.0,999.0
145,153,-29.83529411764706,1998-01-03 23:00:00,1,9.735294117647058,1397.8007959924378,9.51029411764706,0.5033118579029672,8.38,6.544739520285512,1998-01-03 23:00:00,199.8,211.1,11.299999999999983,-29.19,75.04309,-149.81382
146,154,-23.96,1998-01-04 12:00:00,1,4.540000000000003,1552.0378072068463,4.359999999999999,0.386927450960593,6.67,-1005.67,1998-01-04 12:00:00,217.9,212.7,-5.200000000000017,-23.79,74.98827,-149.67928
147,155,-24.2,1998-01-05 04:00:00,1,12.583333333333334,2001.2436108186148,11.416666666666666,0.7226334321793442,6.93,4.991656561623708,1998-01-05 04:00:00,216.7,206.2,-10.5,-24.1,74.93914,-149.51308
148,156,-22.52857142857143,1998-01-05 11:00:00,1,13.548571428571428,1578.3832969738185,12.428571428571429,0.2590340159001494,6.23,4.5,1998-01-05 11:00:00,218.0,198.1,-19.900000000000006,-23.73,74.91044,-149.44255
149,157,-20.776190476190475,1998-01-05 23:00:00,1,9.11904761904762,1959.9129062315264,6.836190476190474,0.6706147191886852,7.99,8.01795120051579,1998-01-05 23:00:00,228.4,225.8,-2.5999999999999943,-20.89,74.87454,-149.29712
150,158,-26.653846153846157,1998-01-06 11:00:00,1,15.087179487179483,1978.105067461723,14.310989010989012,0.3901941257384447,3.67,4.20084024469598,1998-01-06 11:00:00,202.3,161.6,-40.70000000000002,-28.33,74.8629,-149.23062
151,159,-28.303333333333327,1998-01-06 23:00:00,1,18.90333333333333,1751.5720887808093,18.503333333333327,0.2817867102890998,2.77,2.0466453683246777,1998-01-06 23:00:00,189.1,159.7,-29.400000000000006,-32.48,74.86638,-149.22414
152,160,-27.9,1998-01-07 11:00:00,1,19.166666666666664,1520.697935944658,18.7,0.3722473638008613,2.29,0.6250288920692291,1998-01-07 11:00:00,188.3,162.0,-26.30000000000001,-32.78,74.87288,-149.23478
153,161,-30.53636363636365,1998-01-07 23:00:00,1,20.36969696969698,1624.437440279543,20.261363636363647,0.2971505062779981,2.54,4.311243638386271,1998-01-07 23:00:00,190.3,173.4,-16.900000000000006,-32.22,74.87632,-149.24824
154,163,-29.622727272727275,1998-01-08 23:00:00,1,16.422727272727276,1921.7831115325148,15.222727272727274,0.5110906716688681,3.44,3.9259847685487377,1998-01-08 23:00:00,191.3,165.4,-25.900000000000006,-31.94,74.86616,-149.26842
155,164,-22.72777777777777,1998-01-09 11:00:00,1,9.627777777777776,1341.0166427683532,9.24444444444444,0.6413099852805592,2.48,0.0527703186533412,1998-01-09 11:00:00,221.6,215.8,-5.799999999999983,-23.02,74.86558,-149.29612
156,165,-25.65862068965517,1998-01-09 23:00:00,1,10.358620689655169,1339.632317378718,9.933620689655172,0.7414727876183865,0.38,1.0749929829388334,1998-01-09 23:00:00,204.6,195.5,-9.099999999999994,-27.98,74.8603,-149.32428
157,166,-28.662499999999994,1998-01-10 11:00:00,1,16.002499999999994,1417.498210277168,15.512499999999996,0.3001805420214047,4.52,4.609986095886573,1998-01-10 11:00:00,200.3,183.9,-16.400000000000006,-29.26,74.86156,-149.42667
158,167,-22.6,1998-01-11 11:00:00,1,10.320000000000004,1338.9402258583143,9.500000000000004,0.2709629832067028,4.0,5.86284121683638,1998-01-11 11:00:00,224.9,228.3,3.4000000000000057,-22.15,74.88246,-149.81364
159,168,-23.78888888888889,1998-01-12 00:00:00,1,11.96388888888889,938.2376075124652,8.328888888888892,0.4680459086995714,6.99,6.459731176628054,1998-01-12 00:00:00,221.9,220.6,-1.3000000000000114,-22.97,74.88406,-150.03575
160,169,-22.800000000000004,1998-01-12 12:00:00,1,9.800000000000004,920.382350688008,5.150000000000006,0.5810074740126605,3.68,3.47245976641717,1998-01-12 12:00:00,219.6,197.7,-21.900000000000006,-23.56,74.89013,-150.17026
161,170,-32.1269230769231,1998-01-13 00:00:00,1,18.8769230769231,938.5219420707904,14.893589743589768,0.2833870972843714,-999.0,1004.8199863919942,1998-01-13 00:00:00,192.1,155.6,-36.5,-31.71,74.88659,-150.26216
162,171,-31.82,1998-01-13 11:00:00,1,20.095,1539.596896793697,19.72,0.2588760154424726,4.2,7.4078117959543155,1998-01-13 11:00:00,189.8,159.9,-29.900000000000006,-32.44,74.87321,-150.34765
163,172,-31.950000000000003,1998-01-13 23:00:00,1,16.625000000000004,1701.8208968328042,16.616666666666667,0.163548349754262,-999.0,1016.2932221086736,1998-01-13 23:00:00,188.0,146.4,-41.599999999999994,-32.96,999.0,999.0
164,173,-29.0,1998-01-14 11:00:00,1,10.924999999999995,676.7603837847284,10.759999999999998,0.2500019668025277,5.13,-1004.13,1998-01-14 11:00:00,199.7,184.0,-15.699999999999989,-29.4,74.81774,-150.61912
165,174,-31.704761904761916,1998-01-14 16:00:00,1,13.929761904761914,880.6486533330548,12.076190476190488,0.3271048243046726,4.28,11.365545256478716,1998-01-14 16:00:00,190.6,150.7,-39.900000000000006,-32.14,74.81095,-150.65645
166,175,-34.36774193548385,1998-01-15 00:00:00,1,16.86774193548385,1147.1621726238925,15.801075268817184,0.3107651586925886,3.8,4.474988784387249,1998-01-15 00:00:00,182.2,144.4,-37.79999999999998,-34.85,74.79915,-150.70252
167,176,-34.16538461538461,1998-01-15 12:00:00,1,15.898717948717945,1163.4674831639977,13.590384615384613,0.5099352388956022,3.27,2.2159505955342937,1998-01-15 12:00:00,179.8,145.9,-33.900000000000006,-35.63,74.79044,-150.73286
168,177,-32.79523809523809,1998-01-15 23:00:00,1,10.328571428571422,580.3125210240574,9.128571428571425,0.4655363736263735,-999.0,0.0,1998-01-15 23:00:00,186.2,173.9,-12.299999999999983,-33.62,999.0,999.0
169,178,-36.1,1998-01-16 11:00:00,1,13.650000000000002,1666.6601077802388,13.400000000000002,0.585658020706386,3.34,3.256674050383384,1998-01-16 11:00:00,175.2,137.7,-37.5,-37.15,74.79441,-150.78162
170,179,-37.0,1998-01-16 23:00:00,1,12.399999999999997,855.3901601562686,11.2,0.4873013837530702,4.57,-1003.57,1998-01-16 23:00:00,171.6,130.9,-40.69999999999999,-38.36,74.80177,-150.85302
171,180,-35.5,1998-01-17 11:00:00,1,12.9,1649.1649929197713,12.8,0.2420933354543734,5.72,10.51620560304432,1998-01-17 11:00:00,175.2,131.1,-44.099999999999994,-37.12,74.79424,-150.97741
172,181,-36.35714285714285,1998-01-17 23:00:00,1,11.568253968253964,1085.9680498817163,9.869642857142852,0.3740962162299969,4.91,9.6125,1998-01-17 23:00:00,171.7,129.2,-42.5,-38.29,74.79551,-151.14808
173,182,-36.0,1998-01-18 11:00:00,1,11.733333333333334,1072.3386602336243,10.15,0.3585540387221896,5.5,11.04994328409738,1998-01-18 11:00:00,174.5,128.4,-46.099999999999994,-37.32,74.78049,-151.32064
174,183,-35.86333333333333,1998-01-18 23:00:00,1,11.66333333333333,1075.28106030063,9.89666666666666,0.3161897474123264,4.03,-1003.03,1998-01-18 23:00:00,173.3,131.2,-42.10000000000002,-37.73,74.76512,-151.43788
175,185,-35.40714285714285,1998-01-19 23:00:00,1,13.123809523809516,964.603257959263,12.707142857142852,0.3311441140508288,3.45,6.629965908643073,1998-01-19 23:00:00,174.7,136.0,-38.69999999999999,-37.26,74.72599,-151.56482
176,186,-36.12272727272728,1998-01-20 11:00:00,1,14.722727272727283,1412.4164957159785,14.247727272727282,0.3349135851884635,2.69,6.189929283363153,1998-01-20 11:00:00,173.1,135.3,-37.79999999999998,-37.82,74.70598,-151.64752
177,187,-35.43076923076923,1998-01-21 03:00:00,1,13.130769230769229,641.9237295120587,12.130769230769229,0.2200685161482644,2.58,6.166610408162761,1998-01-21 03:00:00,170.6,131.3,-39.29999999999998,-38.65,999.0,999.0
178,188,-32.93461538461539,1998-01-21 11:00:00,1,12.284615384615392,1094.2932816985278,9.309615384615388,0.5098880902726497,3.33,7.119769154189038,1998-01-21 11:00:00,185.7,158.7,-27.0,-33.67,999.0,999.0
179,189,-33.9,1998-01-21 23:00:00,1,12.4,1387.3568208981085,11.333333333333332,0.3118947601148474,4.26,8.812851283796446,1998-01-21 23:00:00,181.0,136.9,-44.099999999999994,-35.15,999.0,999.0
180,190,-34.1,1998-01-22 11:00:00,1,13.950000000000005,1854.1745754049707,12.950000000000005,0.2966688250273752,4.64,-1003.64,1998-01-22 11:00:00,180.4,136.3,-44.099999999999994,-35.32,999.0,999.0
181,191,-34.2,1998-01-23 00:00:00,1,13.800000000000004,1506.6472447456576,13.6,0.4236021228634486,-999.0,1009.2697459245446,1998-01-23 00:00:00,178.8,139.3,-39.5,-35.85,999.0,999.0
182,192,-31.82,1998-01-23 11:00:00,1,13.52,1111.071777015331,11.12,0.4698827904856391,-999.0,1003.7229003821516,1998-01-23 11:00:00,185.3,147.5,-37.80000000000001,-33.75,999.0,999.0
183,193,-33.684615384615384,1998-01-23 23:00:00,1,12.434615384615384,1108.0189095480473,11.684615384615384,0.4031978210234788,-999.0,1007.9133303170572,1998-01-23 23:00:00,179.9,141.5,-38.400000000000006,-35.51,999.0,999.0
184,194,-33.675,1998-01-24 11:00:00,1,11.374999999999996,1164.0638119150683,10.574999999999992,0.3675883681203257,3.04,7.246656011006951,1998-01-24 11:00:00,181.4,141.6,-39.80000000000001,-35.0,999.0,999.0
185,195,-34.74285714285714,1998-01-24 23:00:00,1,11.709523809523809,2320.5427444794823,10.04285714285714,0.295620911478568,-999.0,1009.3999960399738,1998-01-24 23:00:00,178.2,131.1,-47.099999999999994,-36.02,999.0,999.0
186,196,-34.16,1998-01-25 11:00:00,1,9.759999999999998,1629.9241482804227,9.699999999999996,0.3801695126482624,6.02,-1005.02,1998-01-25 11:00:00,177.9,130.8,-47.099999999999994,-36.1,74.64869,-153.29524
187,197,-31.40454545454545,1998-01-25 23:00:00,1,9.304545454545444,1310.506916812271,8.504545454545454,0.4399250605905351,7.07,9.349983327277496,1998-01-25 23:00:00,188.6,136.7,-51.900000000000006,-32.61,74.64191,-153.59091
188,198,-30.637500000000014,1998-01-26 12:00:00,1,11.037500000000012,849.7511072423347,9.837500000000013,0.3376977257828145,-999.0,1023.1630091591906,1998-01-26 12:00:00,191.8,143.9,-47.900000000000006,-31.61,74.62536,-153.94653
189,199,-24.74,1998-01-27 00:00:00,1,5.239999999999998,500.5594982092194,3.2399999999999984,0.8661363848820243,-999.0,1023.9999143263998,1998-01-27 00:00:00,217.4,217.2,-0.20000000000001705,-24.09,999.0,999.0
190,200,-22.15333333333334,1998-01-27 23:00:00,1,4.831111111111117,2091.069421526826,-5.946666666666662,0.8109280071951293,12.89,-1011.89,1998-01-27 23:00:00,224.1,225.4,1.3000000000000114,-22.17,74.75957,-155.3301
191,201,-20.43636363636364,1998-01-28 11:00:00,1,4.158585858585855,2096.3833848938866,-3.8236363636363606,0.6173463467875228,8.58,-1007.58,1998-01-28 11:00:00,229.6,223.9,-5.699999999999989,-20.63,74.834,-155.5553
192,202,-21.066666666666663,1998-01-29 11:00:00,1,10.533333333333331,1892.899551954327,8.166666666666666,0.7902710854306259,11.56,16.2066384743323,1998-01-29 11:00:00,228.8,224.3,-4.5,-20.9,74.98087,-155.87892
193,203,-20.0,1998-01-29 23:00:00,1,8.5,1731.2069810191967,7.1999999999999975,0.8450534639010208,9.45,12.643280898420755,1998-01-29 23:00:00,232.2,230.3,-1.8999999999999773,-19.98,75.05029,-156.06913
194,204,-19.266666666666666,1998-01-30 11:00:00,1,5.966666666666665,2152.952203690965,4.466666666666667,0.857767046068614,9.25,1.439868156788231,1998-01-30 11:00:00,234.6,237.1,2.5,-19.36,75.10523,-156.22285
195,205,-18.0,1998-01-30 23:00:00,1,3.8000000000000025,1925.58791798426,-2.6999999999999997,0.7925084954086891,2.12,-0.7343626318207421,1998-01-30 23:00:00,230.8,238.4,7.599999999999994,-20.41,75.13912,-156.31006
196,206,-26.86451612903225,1998-01-31 11:00:00,1,11.96451612903225,2251.1743866240777,5.014516129032248,0.4206102596205847,-999.0,0.0,1998-01-31 11:00:00,,,,,,
197,207,-26.19375,1998-01-31 23:00:00,1,9.818749999999998,1890.216914353352,4.693749999999998,0.3384162431891173,-999.0,1015.22199012433,1998-01-31 23:00:00,,,,,,
198,208,-31.49285714285714,1998-02-01 12:00:00,2,14.29285714285714,1976.6622100816728,12.49285714285714,0.2858610044035394,-999.0,1014.5974005504992,1998-02-01 12:00:00,,,,,,
199,209,-28.162068965517246,1998-02-01 23:00:00,2,13.89540229885058,1576.0185720339878,13.437068965517245,0.2339336750166851,-999.0,0.0,1998-02-01 23:00:00,,,,,,
200,210,-18.866666666666664,1998-02-02 11:00:00,2,2.8333333333333286,2201.7377951413578,0.716666666666665,0.5077747879985605,-999.0,1006.7748549388642,1998-02-02 11:00:00,,,,,,
201,211,-19.84761904761905,1998-02-02 23:00:00,2,2.080952380952386,1918.1424709180455,1.8976190476190524,0.7140142897325191,-999.0,1007.3348444970372,1998-02-02 23:00:00,,,,,,
202,212,-29.5,1998-02-03 12:00:00,2,12.65,865.4741141281307,11.433333333333334,0.6942170260241617,-999.0,1005.1859464184884,1998-02-03 12:00:00,,,,,,
203,213,-32.60909090909092,1998-02-03 23:00:00,2,15.959090909090918,777.2204260181966,14.609090909090916,0.564226714673898,-999.0,1004.2199269962276,1998-02-03 23:00:00,,,,,,
204,214,-33.6,1998-02-04 12:00:00,2,17.3,1004.123327066792,16.150000000000002,0.5071043757457904,-999.0,0.0,1998-02-04 12:00:00,,,,,,
205,215,-32.045,1998-02-04 23:00:00,2,15.795000000000002,1849.6467567112863,14.345000000000002,0.3872841003286486,-999.0,1010.0061746146682,1998-02-04 23:00:00,,,,,,
206,216,-28.177777777777774,1998-02-05 11:00:00,2,13.577777777777774,2056.334075138989,12.34444444444444,0.2809756804703298,-999.0,0.0,1998-02-05 11:00:00,,,,,,
207,217,-16.636363636363637,1998-02-06 23:00:00,2,7.136363636363637,1344.5807317651545,6.696363636363635,0.7826216760742803,-999.0,1005.939888324261,1998-02-06 23:00:00,,,,,,
208,218,-18.075862068965524,1998-02-07 11:00:00,2,6.325862068965524,1576.1874624890906,5.475862068965524,0.7331572631419531,-999.0,1012.275,1998-02-07 11:00:00,,,,,,
209,219,-33.1875,1998-02-07 23:00:00,2,8.287500000000001,2299.049525315684,7.587499999999995,0.2484345571760658,-999.0,1017.5593215624154,1998-02-07 23:00:00,,,,,,
210,220,-32.422222222222224,1998-02-08 11:00:00,2,9.722222222222223,1782.8189980479438,9.472222222222223,0.2953729937539394,-999.0,0.0,1998-02-08 11:00:00,185.1,126.9,-58.19999999999999,-33.92,75.04781,-157.99166
211,221,-30.64545454545454,1998-02-09 00:00:00,2,7.085454545454539,2703.220635180486,4.820454545454538,0.4266540680224795,-999.0,1023.8073771909968,1998-02-09 00:00:00,189.4,136.7,-52.70000000000002,-32.57,74.97972,-157.79176
212,222,-32.9,1998-02-09 23:00:00,2,12.0,670.6187553255429,10.9,0.5560183014861517,-999.0,0.0,1998-02-09 23:00:00,181.7,137.2,-44.5,-35.08,74.93257,-157.76524
213,223,-33.015625000000014,1998-02-10 23:00:00,2,13.890625000000018,1246.832838985094,13.14419642857144,0.359680298459454,4.34,-1003.34,1998-02-10 23:00:00,180.2,139.8,-40.39999999999998,-35.61,74.91873,-157.75288
214,224,-32.267647058823535,1998-02-11 11:00:00,2,13.867647058823533,1323.5879976249812,12.967647058823534,0.4302297595319547,-999.0,0.0,1998-02-11 11:00:00,180.0,142.6,-37.400000000000006,-35.71,999.0,999.0
215,225,-33.48387096774194,1998-02-11 23:00:00,2,15.017204301075278,1479.8235704590024,14.983870967741945,0.3616070230236258,-999.0,1013.7349495041254,1998-02-11 23:00:00,177.1,135.8,-41.29999999999998,-36.66,999.0,999.0
216,226,-30.05454545454545,1998-02-12 11:00:00,2,11.25454545454545,1441.0259156669729,11.12954545454545,0.3262493639363593,4.9,8.401227607260955,1998-02-12 11:00:00,186.5,149.7,-36.80000000000001,-33.59,74.91402,-157.77239
217,227,-31.51875,1998-02-12 23:00:00,2,12.908749999999998,813.9003584236,9.218749999999991,0.4013225488925586,3.35,10.539906048783562,1998-02-12 23:00:00,179.5,136.4,-43.099999999999994,-35.83,74.91276,-157.79864
218,228,-30.08571428571428,1998-02-13 12:00:00,2,9.745714285714286,703.305090385499,8.502380952380953,0.5417978972567222,3.12,9.35766499452259,1998-02-13 12:00:00,184.4,140.8,-43.599999999999994,-34.22,74.91143,-157.82802
219,229,-32.36875,1998-02-13 23:00:00,2,10.85763888888889,1555.495275164807,10.854464285714286,0.4686568854180455,3.54,5.2470673035620825,1998-02-13 23:00:00,179.9,135.6,-44.30000000000001,-35.65,74.9086,-157.83769
220,230,-33.206896551724135,1998-02-14 12:00:00,2,11.706896551724135,1265.6748250823146,11.356896551724134,0.3757011247341085,3.53,6.774682182175695,1998-02-14 12:00:00,175.8,130.9,-44.900000000000006,-36.98,74.90087,-157.85557
221,231,-32.38181818181819,1998-02-14 23:00:00,2,11.20681818181819,1465.5533240194982,11.08181818181819,0.2152043728220299,4.04,3.630000000000001,1998-02-14 23:00:00,174.0,123.5,-50.5,-37.56,74.89899,-157.8536
222,232,-33.51538461538462,1998-02-15 11:00:00,2,12.665384615384616,2417.8156619998776,12.01538461538462,0.4031575615713184,3.65,1.180000000000001,1998-02-15 11:00:00,174.7,130.2,-44.5,-37.33,74.89847,-157.85343
223,233,-33.1,1998-02-15 23:00:00,2,13.0,1525.7998587061104,12.725,0.373203838021488,2.24,3.648808546493149,1998-02-15 23:00:00,169.7,138.3,-31.399999999999977,-39.04,74.89867,-157.853
224,234,-34.614285714285714,1998-02-16 11:00:00,2,13.114285714285714,1789.2895270380477,12.001785714285711,0.2873435169462252,3.06,-1002.06,1998-02-16 11:00:00,171.2,133.4,-37.79999999999998,-38.51,74.89852,-157.85353
225,235,-35.43076923076922,1998-02-17 00:00:00,2,12.730769230769225,726.2013107295403,10.330769230769224,0.4764859365379272,3.92,4.759944311046802,1998-02-17 00:00:00,175.8,129.9,-45.900000000000006,-36.88,74.89654,-157.84772
226,236,-33.7,1998-02-17 11:00:00,2,9.300000000000004,1063.7343069926633,8.800000000000004,0.3880700237310319,4.21,6.2923539314767565,1998-02-17 11:00:00,174.1,133.8,-40.29999999999998,-37.48,74.89241,-157.8376
227,237,-35.62666666666667,1998-02-17 23:00:00,2,14.626666666666672,1665.0735434921785,14.326666666666672,0.1978472068473265,4.35,7.209995598308218,1998-02-17 23:00:00,172.0,115.0,-57.0,-38.1,74.89091,-157.8347
228,238,-36.24444444444444,1998-02-18 23:00:00,2,17.144444444444442,1715.1379859331007,17.019444444444442,0.4411363138563949,2.2,6.344418930924193,1998-02-18 23:00:00,171.2,132.7,-38.5,-38.4,74.89088,-157.8351
229,239,-33.50909090909091,1998-02-19 11:00:00,2,14.209090909090907,1691.2722594252411,13.969090909090909,0.300022545749178,1.39,6.349993398333027,1998-02-19 11:00:00,164.2,125.0,-39.19999999999999,-40.79,74.8909,-157.83521
230,240,-33.575,1998-02-19 23:00:00,2,16.475000000000005,1276.0897375425925,15.375000000000004,0.2928803753509653,-999.0,1003.1527077754496,1998-02-19 23:00:00,,,,,,
231,241,-28.2625,1998-02-20 11:00:00,2,9.662499999999998,854.4356399365151,6.487499999999997,0.2960407758034961,5.47,9.346232292900876,1998-02-20 11:00:00,201.8,208.3,6.5,-28.64,74.90063,-157.94309
232,242,-34.09545454545456,1998-02-20 23:00:00,2,15.39545454545456,964.937669472164,14.36688311688313,0.2388720644306221,4.86,13.332691961084777,1998-02-20 23:00:00,179.2,133.3,-45.89999999999998,-35.59,74.93006,-158.1404
233,243,-28.23333333333333,1998-02-21 11:00:00,2,10.01904761904762,1003.1987994438708,9.008333333333336,0.1893238930765551,8.41,14.691179682480552,1998-02-21 11:00:00,180.4,133.9,-46.5,-35.19,74.95214,-158.42968
234,244,-32.1,1998-02-21 23:00:00,2,10.900000000000002,1569.2808018078947,10.8,0.2981738784598869,-999.0,1020.3349675049468,1998-02-21 23:00:00,,,,,,
235,245,-29.12142857142857,1998-02-22 11:00:00,2,9.496428571428574,1597.1733293580126,8.678571428571427,0.4151373334381212,9.72,9.415714285714284,1998-02-22 11:00:00,193.5,142.5,-51.0,-30.93,74.96833,-158.99096
236,246,-25.814285714285703,1998-02-22 23:00:00,2,9.814285714285706,1545.784459696499,8.264285714285705,0.4322332992499961,9.8,12.992456625533396,1998-02-22 23:00:00,203.1,171.2,-31.900000000000006,-28.04,74.98186,-159.26734
237,247,-23.8,1998-02-23 11:00:00,2,9.914285714285713,2277.0677001875024,1.1000000000000014,0.8577634714908344,7.95,4.56975754785723,1998-02-23 11:00:00,217.7,213.8,-3.8999999999999773,-23.82,75.0041,-159.4894
238,248,-21.892857142857142,1998-02-23 23:00:00,2,7.892857142857142,2194.3095966788705,6.042857142857143,0.804082538345958,5.76,7.444874307451329,1998-02-23 23:00:00,225.3,224.9,-0.4000000000000057,-21.66,75.03841,-159.53822
239,249,-22.06896551724139,1998-02-24 11:00:00,2,7.21896551724139,2283.899718829348,-2.2810344827586064,0.8001785061222054,0.67,2.1522867573271096,1998-02-24 11:00:00,224.6,222.5,-2.0999999999999943,-21.87,75.03983,-159.46821
240,250,-25.3,1998-02-24 23:00:00,2,0.984848484848488,3116.391649290347,-2.6999999999999997,0.6768905145092635,9.03,-1.9101480885922868,1998-02-24 23:00:00,213.3,209.3,-4.0,-25.13,75.0257,-159.34726
241,251,-27.92173913043478,1998-02-25 11:00:00,2,3.5467391304347835,1293.5045198087723,3.5217391304347814,0.20623222011661,6.69,3.5098096954322395,1998-02-25 11:00:00,177.3,125.2,-52.10000000000001,-36.16,75.0095,-159.20254
242,252,-35.92592592592592,1998-02-25 23:00:00,2,10.945925925925916,1193.054120198054,10.597354497354488,0.3092613325478385,-999.0,1003.8334800092188,1998-02-25 23:00:00,171.2,127.4,-43.79999999999998,-38.28,999.0,999.0
243,253,-35.66538461538463,1998-02-26 11:00:00,2,11.540384615384628,1547.1006304980683,11.498717948717964,0.2388904540392861,3.1,1.0664284431317914,1998-02-26 11:00:00,163.3,131.7,-31.600000000000023,-41.08,75.00323,-159.16109
244,254,-33.0,1998-02-26 23:00:00,2,12.5,2378.2381536014964,11.933333333333334,0.2407212318904123,7.19,5.244574664641614,1998-02-26 23:00:00,180.0,134.3,-45.69999999999999,-35.36,75.00433,-159.24146
245,255,-19.45384615384616,1998-02-27 12:00:00,2,7.670512820512824,1898.06050095205,3.2538461538461583,0.8462600676208839,9.7,6.778981935673514,1998-02-27 12:00:00,221.4,225.9,4.5,-22.95,75.03606,-159.57093
246,256,-16.412903225806453,1998-02-28 00:00:00,2,8.312903225806453,1078.555089522744,7.92956989247312,0.712819549885497,5.88,6.564988875018112,1998-02-28 00:00:00,234.9,234.8,-0.09999999999999432,-19.23,75.06971,-159.76324
247,257,-18.944444444444443,1998-02-28 11:00:00,2,7.944444444444443,1248.2965885918748,7.458730158730157,0.8460673132651538,3.1,6.1867680996206005,1998-02-28 11:00:00,238.0,243.6,5.599999999999994,-18.45,75.08564,-159.80183
248,258,-21.03214285714285,1998-03-01 11:00:00,3,5.665476190476188,1142.4990259629049,5.132142857142855,0.7734587876054965,2.43,4.945597847040725,1998-03-01 11:00:00,228.5,224.1,-4.400000000000006,-20.99,999.0,999.0
249,259,-19.895454545454545,1998-03-01 23:00:00,3,3.9554545454545433,1095.2520466114984,2.245454545454546,0.7401668561398425,3.73,0.4049984255111165,1998-03-01 23:00:00,233.4,234.4,1.0,-19.65,999.0,999.0
250,260,-23.940000000000005,1998-03-02 14:00:00,3,7.580000000000009,951.633641752413,4.390000000000008,0.7105726060052879,1.97,3.369479626074919,1998-03-02 14:00:00,224.1,228.6,4.5,-22.22,999.0,999.0
251,261,-21.433333333333334,1998-03-02 23:00:00,3,5.27333333333333,1067.218736641133,1.3933333333333344,0.6156185352265301,1.76,3.970772220202221,1998-03-02 23:00:00,228.5,231.9,3.4000000000000057,-21.0,999.0,999.0
252,262,-25.175,1998-03-03 11:00:00,3,8.599999999999998,1083.1944886063477,6.215,0.5858600236786781,1.77,10.345965921546034,1998-03-03 11:00:00,195.0,174.7,-20.30000000000001,-30.71,75.14725,-159.55562
253,263,-20.42,1998-03-03 23:00:00,3,3.119999999999997,988.8280639839976,-1.0300000000000011,0.692082966724281,3.41,4.464668272766578,1998-03-03 23:00:00,220.2,202.3,-17.899999999999977,-23.25,75.14921,-159.61096
254,264,-26.86,1998-03-04 11:00:00,3,10.059999999999995,1214.8654696012866,10.059999999999995,0.7574386446341185,2.99,2.08,1998-03-04 11:00:00,208.7,210.7,2.0,-26.64,75.14728,-159.65111
255,265,-27.5,1998-03-04 23:00:00,3,10.32857142857143,1734.0030248659837,10.185714285714289,0.7406744775826122,-999.0,1002.9227889617908,1998-03-04 23:00:00,,,,,,
256,267,-22.410526315789475,1998-03-05 23:00:00,3,6.310526315789474,1421.4717562099745,5.227192982456142,0.3776734777195006,2.48,-0.5167744776293459,1998-03-05 23:00:00,221.5,210.1,-11.400000000000006,-22.9,75.15712,-159.73451
257,268,-24.88333333333333,1998-03-06 11:00:00,3,8.199999999999996,1270.5852592336712,7.883333333333329,0.2992069379320203,4.08,-1.343165760083156,1998-03-06 11:00:00,181.6,153.0,-28.599999999999994,-34.92,75.16616,-159.78294
258,269,-30.46666666666667,1998-03-06 23:00:00,3,13.666666666666668,1021.0879069109272,30.093675213675255,0.2691702521528568,3.76,3.375490458512949,1998-03-06 23:00:00,191.9,157.6,-34.30000000000001,-31.6,75.18231,-159.84562
259,270,-33.65,1998-03-07 11:00:00,3,19.525,939.4697812354452,17.489999999999995,0.2393562969556825,6.16,4.001972754925122,1998-03-07 11:00:00,180.7,145.1,-35.599999999999994,-35.21,75.21193,-159.91539
260,271,-27.00344827586206,1998-03-07 23:00:00,3,12.90344827586206,764.8198723969148,11.57844827586206,0.1875078430738894,8.11,5.759509859655047,1998-03-07 23:00:00,201.8,153.1,-48.70000000000002,-28.51,75.26568,-160.02541
261,273,-24.111538461538466,1998-03-08 23:00:00,3,16.611538461538462,812.6580478579442,15.386538461538462,0.1438093329133579,6.34,0.3797579275811351,1998-03-08 23:00:00,210.3,158.6,-51.70000000000002,-25.97,75.35979,-160.17001
262,274,-29.345454545454547,1998-03-09 11:00:00,3,25.745454545454542,1121.8763287680483,24.67878787878788,0.1028268780730599,-999.0,1004.5385646635276,1998-03-09 11:00:00,,,,,,
263,275,-23.242857142857144,1998-03-09 23:00:00,3,18.84285714285714,1231.2876995277368,17.876190476190477,0.4138103931590582,2.94,8.199521073968594,1998-03-09 23:00:00,213.0,179.6,-33.400000000000006,-25.25,75.43929,-160.29762
264,276,-16.85,1998-03-10 11:00:00,3,9.150000000000002,1115.6815486890137,7.575000000000001,0.8350919924609781,4.53,6.685,1998-03-10 11:00:00,244.3,258.1,13.800000000000011,-16.75,75.46372,-160.30518
265,277,-19.17826086956521,1998-03-10 23:00:00,3,10.478260869565217,1343.7270567377236,10.428260869565213,0.5043158932384925,3.44,2.113860295553569,1998-03-10 23:00:00,232.7,210.1,-22.599999999999994,-19.73,75.47789,-160.28837
266,278,-13.852,1998-03-11 11:00:00,3,4.151999999999999,1779.8646445805612,2.4719999999999995,0.2936750812879224,0.75,8.970606092240306,1998-03-11 11:00:00,239.5,246.7,7.199999999999989,-17.98,75.48382,-160.28193
267,279,-13.806666666666668,1998-03-11 23:00:00,3,3.6566666666666654,1486.0879624038027,3.6066666666666656,0.3384326729807042,1.66,7.380803791770079,1998-03-11 23:00:00,255.1,255.2,0.09999999999999432,-13.93,75.49245,-160.25048
268,280,-12.257142857142858,1998-03-12 11:00:00,3,2.8682539682539687,1104.107317147298,1.182142857142857,0.7809024638383497,3.43,1.2847514095879284,1998-03-12 11:00:00,262.7,262.7,0.0,-12.01,75.50369,-160.26374
269,281,-11.772727272727272,1998-03-12 23:00:00,3,3.539393939393941,1156.560080700688,2.5227272727272734,0.5907179312556621,4.02,4.734916659389784,1998-03-12 23:00:00,262.6,257.6,-5.0,-12.02,75.53436,-160.30053
270,282,-12.963636363636365,1998-03-13 11:00:00,3,3.463636363636363,1942.066056124296,2.3636363636363638,0.3281997944809542,-999.0,1011.6155250194817,1998-03-13 11:00:00,258.9,252.1,-6.799999999999983,-12.95,75.58339,-160.31757
271,283,-23.66153846153846,1998-03-13 23:00:00,3,18.761538461538457,894.1561034845466,18.04903846153846,0.3464531710235443,3.85,3.441131771766654,1998-03-13 23:00:00,212.0,177.3,-34.69999999999999,-25.51,75.61736,-160.37679
272,285,-20.125,1998-03-14 23:00:00,3,11.024999999999997,1308.5350616193014,10.504999999999995,0.4451203350187405,-999.0,1008.262601715352,1998-03-14 23:00:00,233.0,231.8,-1.1999999999999886,-19.72,75.60814,-160.42732
273,286,-27.48,1998-03-15 11:00:00,3,14.48,1278.249396479613,14.28,0.601648571512577,5.21,1.775543465091678,1998-03-15 11:00:00,202.3,165.8,-36.5,-28.4,75.58241,-160.46696
274,287,-27.5,1998-03-15 23:00:00,3,12.6,1244.7587734331692,12.266666666666666,0.3174639897727778,3.45,1.0827762243047276,1998-03-15 23:00:00,198.6,156.4,-42.19999999999999,-29.5,75.56383,-160.52846
275,288,-31.06428571428572,1998-03-16 11:00:00,3,14.74761904761905,1697.2259910361774,13.976785714285718,0.4516178288613137,4.17,0.0102682824136763,1998-03-16 11:00:00,193.9,175.9,-18.0,-31.02,75.55148,-160.59933
276,289,-27.05,1998-03-16 23:00:00,3,9.6,921.7597612182478,8.600000000000001,0.700195955313141,6.98,2.3096462656768377,1998-03-16 23:00:00,205.2,183.0,-22.19999999999999,-27.57,75.54829,-160.73331
277,290,-21.6,1998-03-17 11:00:00,3,4.4999999999999964,1252.9015465458451,4.233333333333331,0.8161921163539835,8.94,1.5432875420345784,1998-03-17 11:00:00,226.8,226.7,-0.10000000000002274,-21.41,75.5738,-160.93881
278,291,-20.168000000000003,1998-03-17 23:00:00,3,4.2680000000000025,1709.506058885882,2.768000000000004,0.6995500981744942,4.33,6.675950635038701,1998-03-17 23:00:00,222.6,183.8,-38.79999999999998,-22.48,75.59942,-161.14041
279,292,-27.77333333333333,1998-03-18 11:00:00,3,7.373333333333331,1924.1104433148223,6.610833333333332,0.6311612707249217,3.67,4.198249595296447,1998-03-18 11:00:00,193.9,152.0,-41.900000000000006,-30.95,75.59658,-161.17864
280,293,-28.56086956521739,1998-03-18 23:00:00,3,8.127536231884058,879.296716777636,7.260869565217391,0.3127118581637047,-999.0,1009.3054926621636,1998-03-18 23:00:00,198.4,143.3,-55.099999999999994,-29.52,999.0,999.0
281,295,-28.20909090909091,1998-03-19 23:00:00,3,8.775757575757577,1694.8762896982194,8.475757575757576,0.3130241416190954,-999.0,1006.031661618861,1998-03-19 23:00:00,,,,,,
282,296,-23.23333333333333,1998-03-20 11:00:00,3,9.983333333333334,1687.830492287484,7.433333333333335,0.7891839472332866,-999.0,1012.0776490486176,1998-03-20 11:00:00,,,,,,
283,297,-19.975,1998-03-20 23:00:00,3,10.1,1372.8667883447315,9.35,0.7186868072209711,-999.0,1006.4597187731614,1998-03-20 23:00:00,,,,,,
284,298,-18.690909090909088,1998-03-21 14:00:00,3,9.53376623376623,941.0958953192052,6.090909090909088,0.6945060438849918,7.85,-2.914360698142713,1998-03-21 14:00:00,238.5,244.6,6.099999999999994,-18.25,75.62381,-161.81546
285,300,-16.133333333333333,1998-03-22 11:00:00,3,11.355555555555554,936.3622917534246,9.733333333333333,0.8073517611589461,-999.0,1010.0674157315818,1998-03-22 11:00:00,,,,,,
286,301,-13.485,1998-03-22 23:00:00,3,9.185,1036.0103679499089,8.059999999999999,0.8011709385151016,11.93,-1.972851665235666,1998-03-22 23:00:00,254.8,259.4,4.599999999999966,-13.97,75.77942,-162.35607
287,302,-16.125,1998-03-23 14:00:00,3,10.225,1034.0562380972096,9.058333333333334,0.6288117683138227,-999.0,0.0,1998-03-23 14:00:00,253.9,247.6,-6.300000000000011,-14.15,75.84739,-162.39324
288,303,-21.57857142857143,1998-03-23 23:00:00,3,12.25357142857143,927.1911560387484,10.278571428571428,0.1548615248897439,-999.0,1008.099608934622,1998-03-23 23:00:00,,,,,,
289,304,-21.316666666666663,1998-03-24 11:00:00,3,13.073809523809524,551.7876986921095,9.576666666666668,0.61545561077723,-999.0,1011.591698467233,1998-03-24 11:00:00,,,,,,
290,305,-4.6,1998-03-24 23:00:00,3,3.9,305.6404295638444,-2.95,0.5448826181237033,-999.0,1017.5049929538192,1998-03-24 23:00:00,,,,,,
291,306,-19.8421052631579,1998-03-26 00:00:00,3,6.842105263157901,1476.6265217954517,6.642105263157902,0.1186888814444994,-999.0,1018.7999698428908,1998-03-26 00:00:00,,,,,,
292,307,-24.3,1998-03-26 11:00:00,3,8.2625,1483.721768089816,8.200000000000003,0.250194562341043,-999.0,1013.6741524154564,1998-03-26 11:00:00,,,,,,
293,308,-23.55,1998-03-26 23:00:00,3,5.516666666666666,826.3119476837707,4.549999999999997,0.2457375370509001,-999.0,1008.2698839226008,1998-03-26 23:00:00,,,,,,
294,309,-27.9,1998-03-27 11:00:00,3,8.7,993.7528875618364,7.98,0.6142387643773981,4.39,5.5795409351989145,1998-03-27 11:00:00,199.4,180.3,-19.099999999999994,-29.15,999.0,999.0
295,310,-23.566666666666663,1998-03-27 23:00:00,3,5.709523809523809,1027.5690859241913,5.111111111111111,0.3267117531592751,3.55,3.993857471323455,1998-03-27 23:00:00,206.1,156.2,-49.900000000000006,-27.01,76.06734,-164.00715
296,311,-16.5,1998-03-28 11:00:00,3,1.400000000000002,1321.7934075718438,1.2666666666666655,0.3037994613596962,3.98,6.203191432312202,1998-03-28 11:00:00,238.7,237.6,-1.0999999999999943,-17.95,76.03701,-164.0699
297,312,-16.745454545454546,1998-03-28 23:00:00,3,2.6454545454545464,1419.562194426702,2.6454545454545464,0.3449087994001698,4.94,10.1932718052576,1998-03-28 23:00:00,240.5,234.6,-5.900000000000006,-17.46,76.03268,-164.09006
298,313,-18.0,1998-03-30 23:00:00,3,0.0,-0.0,-7.75,0.4585153207955904,4.55,1.364786745773129,1998-03-30 23:00:00,233.0,199.0,-34.0,-19.44,75.99164,-164.22079
299,314,-20.016666666666666,1998-03-31 12:00:00,3,0.9166666666666644,149.91700622560808,-5.183333333333334,0.665137771116845,3.57,3.419616734650243,1998-03-31 12:00:00,230.0,217.4,-12.599999999999994,-20.35,75.99292,-164.22423
300,315,-21.23333333333333,1998-03-31 23:00:00,3,0.75555555555556,829.2165875284107,-2.299999999999997,0.5970385424836357,4.06,1.7516063995281694,1998-03-31 23:00:00,221.1,171.2,-49.900000000000006,-22.73,76.0156,-164.23675
301,748,-0.7300000000000001,1998-09-01 11:00:00,9,0.0,-0.0,-4.17,0.7491964399900161,4.23,-1003.23,1998-09-01 11:00:00,302.2,295.5,-6.699999999999989,-3.05,79.5292,-159.8693
302,749,3.2875,1998-09-01 23:00:00,9,0.0,-0.0,-9.6875,0.857992317458894,6.58,-1005.58,1998-09-01 23:00:00,313.0,307.7,-5.300000000000011,-0.65,79.55008,-159.75006
303,750,0.8733333333333333,1998-09-02 11:00:00,9,0.0,-0.0,-6.033333333333334,0.6972492584762714,4.17,8.193884141742258,1998-09-02 11:00:00,305.9,296.5,-9.399999999999977,-2.16,79.58786,-159.53732
304,751,-2.6625000000000005,1998-09-02 23:00:00,9,0.0,-0.0,-1.9375,0.7464486839760383,3.13,-1002.13,1998-09-02 23:00:00,304.0,292.0,-12.0,-2.56,79.61531,-159.48211
305,752,-3.478787878787879,1998-09-03 11:00:00,9,2.4454545454545453,660.7054276937948,-1.7545454545454544,0.7824466098872866,1.21,-1000.21,1998-09-03 11:00:00,298.6,290.1,-8.5,-3.72,79.64722,-159.46374
306,754,-2.4096774193548383,1998-09-04 11:00:00,9,0.0,-0.0,-2.8903225806451616,0.8240047945836299,3.11,-1002.11,1998-09-04 11:00:00,304.2,299.0,-5.199999999999989,-2.42,79.67982,-159.79802
307,755,-1.3266666666666669,1998-09-04 23:00:00,9,0.0,-0.0,-6.156666666666666,0.6053054734316331,-999.0,0.0,1998-09-04 23:00:00,308.2,303.2,-5.0,-1.51,79.69575,-159.95828
308,756,-2.4272727272727272,1998-09-05 11:00:00,9,0.5272727272727273,754.8078409859761,0.1939393939393938,0.540875422237337,5.5,-0.9669155248466934,1998-09-05 11:00:00,300.0,285.3,-14.699999999999989,-3.33,79.70364,-160.18898
309,757,-3.675757575757576,1998-09-05 23:00:00,9,2.915757575757576,810.339472103598,1.7257575757575765,0.5638190318103243,6.92,-1005.92,1998-09-05 23:00:00,295.3,259.0,-36.30000000000001,-4.34,79.71609,-160.50944
310,758,-6.279310344827586,1998-09-06 11:00:00,9,5.079310344827586,1185.887474479052,4.279310344827586,0.4087742193376916,7.08,-1006.08,1998-09-06 11:00:00,283.3,230.2,-53.10000000000002,-7.08,79.73173,-160.85602
311,759,-2.026666666666667,1998-09-07 00:00:00,9,2.826666666666667,484.3536118863007,-1.773333333333333,0.8387053673763015,7.12,-1006.12,1998-09-07 00:00:00,303.7,303.0,-0.6999999999999886,-2.53,79.73496,-161.26948
312,760,-0.8950000000000002,1998-09-07 11:00:00,9,0.0,-0.0,-2.005,0.8024867104574176,3.81,-1002.81,1998-09-07 11:00:00,310.9,307.1,-3.7999999999999545,-0.95,79.728,-161.54823
313,761,1.4241379310344822,1998-09-07 23:00:00,9,0.0,-0.0,-5.157471264367815,0.7646154317829326,0.88,-999.88,1998-09-07 23:00:00,308.3,297.3,-11.0,-1.51,79.73025,-161.67231
314,762,-1.5,1998-09-08 11:00:00,9,0.1999999999999999,537.1868596235328,-2.4,0.8163251763657463,3.39,2.1299999999999994,1998-09-08 11:00:00,306.9,299.7,-7.199999999999989,-1.83,79.7274,-161.67383
315,763,-1.403125,1998-09-08 23:00:00,9,0.4631249999999999,484.0118650916419,-2.5825892857142856,0.6886434350962155,3.34,-1002.34,1998-09-08 23:00:00,304.0,283.3,-20.69999999999999,-2.45,79.71595,-161.60556
316,764,-2.5689655172413794,1998-09-09 11:00:00,9,0.0,-0.0,-3.297701149425288,0.6626921575451716,3.14,-1002.14,1998-09-09 11:00:00,300.5,284.1,-16.399999999999977,-3.26,79.69254,-161.6686
317,765,-1.3312499999999998,1998-09-09 23:00:00,9,0.0,-0.0,-5.435416666666667,0.59501143724136,3.38,1.9526638803526035,1998-09-09 23:00:00,305.5,297.6,-7.899999999999977,-2.15,79.67615,-161.74601
318,766,-2.3799999999999994,1998-09-10 11:00:00,9,0.0,-0.0,-9.595,0.593573022986058,3.69,-1002.69,1998-09-10 11:00:00,301.4,292.8,-8.599999999999966,-3.08,79.6653,-161.84351
319,767,-0.7290322580645161,1998-09-10 23:00:00,9,0.0,-0.0,-8.245967741935484,0.6817093316607714,3.33,-1002.33,1998-09-10 23:00:00,303.5,296.0,-7.5,-2.62,79.6449,-161.96095
320,768,-3.577777777777778,1998-09-11 11:00:00,9,0.0,-0.0,-3.722222222222222,0.7238930539708152,2.53,1.6819433813430007,1998-09-11 11:00:00,296.8,288.4,-8.400000000000034,-4.13,79.63729,-162.01866
321,769,-1.8133333333333328,1998-09-11 23:00:00,9,0.0,-0.0,-6.286666666666666,0.7640175920404927,4.67,-1003.67,1998-09-11 23:00:00,304.0,286.2,-17.80000000000001,-2.49,79.61566,-161.98616
322,770,-2.3142857142857136,1998-09-12 11:00:00,9,0.0,-0.0,-5.352380952380953,0.7088045025132387,4.34,-1003.34,1998-09-12 11:00:00,302.5,298.6,-3.8999999999999773,-2.85,79.59412,-161.98788
323,771,-5.032142857142857,1998-09-12 23:00:00,9,2.257142857142857,628.6105909415755,-0.7928571428571436,0.6175432118026851,3.55,0.7122612219424402,1998-09-12 23:00:00,280.8,217.4,-63.400000000000006,-7.7,79.56654,-161.97803
324,772,-3.466666666666665,1998-09-13 11:00:00,9,0.0,-0.0,-2.2666666666666684,0.6958079003699567,4.05,-1003.05,1998-09-13 11:00:00,299.3,295.8,-3.5,-3.58,79.56971,-161.97023
325,773,-2.990322580645161,1998-09-14 00:00:00,9,0.0,-0.0,-2.084677419354839,0.8303135846529656,4.25,-1003.25,1998-09-14 00:00:00,302.9,295.4,-7.5,-2.76,79.58704,-161.8256
326,774,-2.5,1998-09-14 12:00:00,9,2.6,737.2861943806239,-1.3666666666666667,0.6414096994661974,3.07,5.859987863063681,1998-09-14 12:00:00,302.1,296.0,-6.100000000000023,-2.94,79.59243,-161.68365
327,775,-1.8066666666666669,1998-09-14 23:00:00,9,2.006666666666667,758.0414261731133,-1.4308333333333334,0.4899700043246352,2.24,-1001.24,1998-09-14 23:00:00,306.8,303.2,-3.6000000000000227,-1.89,999.0,999.0
328,776,-2.713793103448276,1998-09-15 11:00:00,9,2.0137931034482763,293.74566895339444,-3.3862068965517227,0.7649582675359875,-999.0,0.0,1998-09-15 11:00:00,299.5,293.2,-6.300000000000011,-3.52,79.59171,-161.5963
329,777,-5.896774193548387,1998-09-15 23:00:00,9,2.43010752688172,471.35952700200846,-2.903225806451614,0.7360070520529531,2.21,2.06,1998-09-15 23:00:00,277.2,222.0,-55.19999999999999,-8.54,79.60417,-161.6229
330,778,-3.603448275862069,1998-09-16 11:00:00,9,0.0,-0.0,-4.396551724137931,0.465601255516084,4.1,-1003.1,1998-09-16 11:00:00,297.7,294.2,-3.5,-3.91,79.6362,-161.67738
331,779,-6.163636363636364,1998-09-16 23:00:00,9,0.0,-0.0,-2.336363636363636,0.4949834306133301,5.73,-1004.73,1998-09-16 23:00:00,288.4,281.2,-7.199999999999989,-6.04,79.6691,-161.79805
332,780,-9.66153846153846,1998-09-17 12:00:00,9,4.361538461538461,397.1755389878327,-1.1384615384615395,1.0,7.5,5.504995048064128,1998-09-17 12:00:00,268.3,217.8,-50.5,-10.68,79.69018,-162.06369
333,781,-8.0,1998-09-17 23:00:00,9,1.200000000000001,642.6337531973155,-1.3000000000000007,0.5192408431494917,7.9,-1006.9,1998-09-17 23:00:00,280.5,275.9,-4.600000000000023,-7.87,79.70263,-162.38986
334,782,-7.922580645161293,1998-09-18 12:00:00,9,3.3225806451612936,602.9020215177189,1.797580645161294,0.8844433968370777,10.07,-1009.07,1998-09-18 12:00:00,283.1,284.3,1.1999999999999886,-7.27,79.75825,-162.75724
335,783,-4.546153846153847,1998-09-18 23:00:00,9,1.9461538461538468,1128.821426711287,0.6794871794871802,0.5396293847377335,9.54,3.853210923205486,1998-09-18 23:00:00,291.0,283.4,-7.600000000000023,-5.39,79.81493,-163.02532
336,784,-2.075,1998-09-19 12:00:00,9,0.6750000000000003,702.9524181921228,-0.0749999999999997,0.9245019323021756,12.54,-1011.54,1998-09-19 12:00:00,306.2,305.8,-0.39999999999997726,-1.99,79.89166,-163.51083
337,785,0.1413793103448276,1998-09-19 23:00:00,9,0.0,-0.0,-2.141379310344828,0.6748918014441472,11.04,-1010.04,1998-09-19 23:00:00,314.1,312.6,-1.5,-0.24,79.96605,-163.66536
338,787,-0.1310344827586207,1998-09-20 23:00:00,9,0.0,-0.0,-0.9689655172413792,0.616588096400529,11.75,-1010.75,1998-09-20 23:00:00,315.4,315.3,-0.0999999999999659,0.04,80.12702,-164.73407
339,789,-3.983333333333333,1998-09-22 11:00:00,9,0.0,-0.0,-4.491666666666667,0.4767728240813563,4.03,-1003.03,1998-09-22 11:00:00,294.9,285.9,-9.0,-4.47,80.24265,-164.66619
340,790,-3.678125000000001,1998-09-22 23:00:00,9,0.0,-0.0,-5.088541666666664,0.4387398832966574,1.54,-1000.54,1998-09-22 23:00:00,296.7,285.5,-11.199999999999989,-4.09,80.25898,-164.71611
341,791,-8.119354838709677,1998-09-23 23:00:00,9,4.319354838709677,464.82598882005607,2.0193548387096767,0.5500582132106913,-999.0,1002.7372055765308,1998-09-23 23:00:00,274.0,216.2,-57.80000000000001,-9.31,80.29962,-165.04804
342,792,-9.654545454545454,1998-09-24 23:00:00,9,8.137878787878787,972.3194473527916,5.104545454545454,0.4153973467360566,3.03,-1002.03,1998-09-24 23:00:00,268.6,226.1,-42.50000000000003,-10.72,80.35976,-165.56035
343,793,-2.7479999999999998,1998-09-25 23:00:00,9,0.0,-0.0,-3.152000000000001,0.6776348042587618,2.82,-1001.82,1998-09-25 23:00:00,,,,,,
344,794,-3.416129032258065,1998-09-26 23:00:00,9,0.0,-0.0,-5.633870967741936,0.7106184917984857,4.14,-1003.14,1998-09-26 23:00:00,,,,,,
345,795,-4.61153846153846,1998-09-27 23:00:00,9,0.0,-0.0,-3.38846153846154,0.6961937245958784,-999.0,0.0,1998-09-27 23:00:00,,,,,,
346,796,-7.542307692307694,1998-09-28 23:00:00,9,0.0,-0.0,-6.657692307692305,0.7500800895161243,6.71,-1005.71,1998-09-28 23:00:00,,,,,,
347,797,-9.93666666666667,1998-09-29 23:00:00,9,1.3366666666666696,254.37742194548625,-5.16333333333333,0.7853542609772274,-999.0,0.0,1998-09-29 23:00:00,,,,,,
348,798,-8.200000000000001,1998-09-30 23:00:00,9,0.0,-0.0,-6.985714285714284,0.6631805014968191,-999.0,1009.721395711882,1998-09-30 23:00:00,,,,,,
349,799,-8.5,1998-10-01 11:00:00,10,0.0,-0.0,-3.1,0.5452704693668439,-999.0,1005.75,1998-10-01 11:00:00,,,,,,
350,800,-4.570000000000001,1998-10-01 23:00:00,10,0.0,-0.0,-8.454999999999998,0.7116262559339802,-999.0,1007.5022379694608,1998-10-01 23:00:00,,,,,,
351,801,-3.708421052631574,1998-10-02 11:00:00,10,0.0750877192982408,33.51917691065755,-5.491578947368425,0.8171441037220043,-999.0,0.0,1998-10-02 11:00:00,,,,,,
352,802,-5.4363636363636365,1998-10-03 00:00:00,10,0.7613636363636367,117.86356416897146,-7.463636363636364,0.795026061521972,-999.0,1004.2530329113638,1998-10-03 00:00:00,,,,,,
353,803,-11.780000000000005,1998-10-03 11:00:00,10,4.880000000000003,323.83358200476823,-1.5199999999999978,0.7467436369888167,-999.0,1004.6549978467508,1998-10-03 11:00:00,,,,,,
354,804,-8.564864864864866,1998-10-03 23:00:00,10,0.0,-0.0,-4.606563706563707,0.7788861521827795,-999.0,1003.5031835489732,1998-10-03 23:00:00,,,,,,
355,805,-9.106451612903228,1998-10-04 11:00:00,10,0.0,-0.0,-4.613548387096772,0.6504879485069651,-999.0,1002.869908710828,1998-10-04 11:00:00,,,,,,
356,806,-18.28529411764705,1998-10-04 23:00:00,10,4.818627450980388,1057.31302065018,2.518627450980389,0.5337197470420614,-999.0,1009.6666630575154,1998-10-04 23:00:00,,,,,,
357,807,-21.422222222222224,1998-10-05 11:00:00,10,6.662222222222223,1156.195095417146,4.922222222222224,0.5183170944046552,-999.0,1006.738189882374,1998-10-05 11:00:00,,,,,,
358,808,-21.875,1998-10-06 00:00:00,10,7.074999999999999,985.9069082376576,5.274999999999999,0.4359404105898307,-999.0,1005.38,1998-10-06 00:00:00,,,,,,
359,809,-20.69333333333333,1998-10-06 11:00:00,10,8.693333333333335,364.3432021980124,5.093333333333336,0.4501595720007745,-999.0,1002.7845925257324,1998-10-06 11:00:00,,,,,,
360,810,-9.207407407407404,1998-10-06 23:00:00,10,0.0,-0.0,-3.9675925925925952,0.5247156385744298,-999.0,1009.4372417253414,1998-10-06 23:00:00,,,,,,
361,811,-0.8787878787878788,1998-10-07 23:00:00,10,0.0,-0.0,-11.204545454545457,0.7314000487947947,-999.0,1013.581601959243,1998-10-07 23:00:00,,,,,,
362,812,-18.361111111111107,1998-10-08 23:00:00,10,10.961111111111103,734.5844206501188,8.794444444444439,0.4559076193573584,-999.0,1004.0466615440486,1998-10-08 23:00:00,,,,,,
363,813,0.2280000000000002,1998-10-09 11:00:00,10,0.0,-0.0,-9.248,0.8284751422762349,-999.0,1015.9598307344648,1998-10-09 11:00:00,,,,,,
364,814,9.071428571428571,1998-10-09 23:00:00,10,0.0,-0.0,-15.33809523809524,0.8394773338715097,-999.0,1015.7533163207468,1998-10-09 23:00:00,,,,,,
365,815,-12.133333333333333,1998-10-10 11:00:00,10,0.0,-0.0,-5.066666666666666,0.2705825340660761,-999.0,1014.393317701634,1998-10-10 11:00:00,,,,,,
